-- phpMyAdmin SQL Dump
-- version 5.0.2
-- https://www.phpmyadmin.net/
--
-- Host: 127.0.0.1
-- Generation Time: Jun 15, 2021 at 04:40 PM
-- Server version: 10.4.11-MariaDB
-- PHP Version: 7.4.5

SET SQL_MODE = "NO_AUTO_VALUE_ON_ZERO";
START TRANSACTION;
SET time_zone = "+00:00";


/*!40101 SET @OLD_CHARACTER_SET_CLIENT=@@CHARACTER_SET_CLIENT */;
/*!40101 SET @OLD_CHARACTER_SET_RESULTS=@@CHARACTER_SET_RESULTS */;
/*!40101 SET @OLD_COLLATION_CONNECTION=@@COLLATION_CONNECTION */;
/*!40101 SET NAMES utf8mb4 */;

--
-- Database: `force-touches`
--

-- --------------------------------------------------------

--
-- Table structure for table `comments`
--

CREATE TABLE `comments` (
  `id` bigint(20) UNSIGNED NOT NULL,
  `user_id` bigint(20) UNSIGNED NOT NULL,
  `post_id` bigint(20) UNSIGNED NOT NULL,
  `body` longtext COLLATE utf8mb4_unicode_ci NOT NULL,
  `created_at` timestamp NULL DEFAULT NULL,
  `updated_at` timestamp NULL DEFAULT NULL
) ENGINE=InnoDB DEFAULT CHARSET=utf8mb4 COLLATE=utf8mb4_unicode_ci;

--
-- Dumping data for table `comments`
--

INSERT INTO `comments` (`id`, `user_id`, `post_id`, `body`, `created_at`, `updated_at`) VALUES
(1, 173, 184, 'Eum beatae cum voluptatem rerum reprehenderit similique iusto corrupti tempora laborum eligendi labore fuga.', '2021-06-15 11:12:47', '2021-06-15 11:12:47'),
(2, 68, 188, 'Eos sed eum sint alias necessitatibus optio sit.', '2021-06-15 11:12:47', '2021-06-15 11:12:47'),
(3, 109, 27, 'Velit quae autem incidunt soluta reprehenderit omnis.', '2021-06-15 11:12:47', '2021-06-15 11:12:47'),
(4, 109, 67, 'Aut rerum cupiditate quia iusto omnis quo dolor unde.', '2021-06-15 11:12:47', '2021-06-15 11:12:47'),
(5, 152, 180, 'Cum doloremque et asperiores eum omnis temporibus dolores.', '2021-06-15 11:12:47', '2021-06-15 11:12:47'),
(6, 109, 61, 'Delectus culpa dicta fugit molestiae deserunt in est qui libero labore.', '2021-06-15 11:12:47', '2021-06-15 11:12:47'),
(7, 57, 125, 'Libero quae laudantium corporis ad eum aspernatur.', '2021-06-15 11:12:47', '2021-06-15 11:12:47'),
(8, 14, 79, 'Nostrum neque nam repellendus fugiat vel adipisci tempore voluptatem commodi quasi consequuntur.', '2021-06-15 11:12:48', '2021-06-15 11:12:48'),
(9, 189, 178, 'Veritatis eum omnis quibusdam necessitatibus possimus iusto.', '2021-06-15 11:12:48', '2021-06-15 11:12:48'),
(10, 134, 48, 'Impedit fugiat accusamus saepe blanditiis quod incidunt sed cumque qui.', '2021-06-15 11:12:48', '2021-06-15 11:12:48'),
(11, 158, 116, 'Dolor quidem perferendis et officiis et voluptas libero a impedit quas fuga.', '2021-06-15 11:12:48', '2021-06-15 11:12:48'),
(12, 68, 13, 'Animi qui maiores et voluptatem porro natus sed.', '2021-06-15 11:12:48', '2021-06-15 11:12:48'),
(13, 14, 122, 'Velit animi omnis alias et provident a laudantium omnis libero mollitia reiciendis optio pariatur.', '2021-06-15 11:12:48', '2021-06-15 11:12:48'),
(14, 96, 12, 'Dolorum delectus aut voluptatem et id enim.', '2021-06-15 11:12:48', '2021-06-15 11:12:48'),
(15, 63, 59, 'Magnam iure qui sapiente qui laborum nostrum.', '2021-06-15 11:12:48', '2021-06-15 11:12:48'),
(16, 19, 191, 'Eligendi enim voluptatem architecto sunt corrupti accusamus dolore consequatur illo blanditiis nobis voluptatem.', '2021-06-15 11:12:48', '2021-06-15 11:12:48'),
(17, 59, 3, 'Reprehenderit amet consequuntur voluptatem quia rem sunt sed et doloremque consequatur et cumque.', '2021-06-15 11:12:48', '2021-06-15 11:12:48'),
(18, 148, 171, 'Enim ipsum enim molestias molestiae esse delectus voluptate autem velit sequi odio.', '2021-06-15 11:12:48', '2021-06-15 11:12:48'),
(19, 46, 107, 'Sit quos illum rerum fugiat qui in error.', '2021-06-15 11:12:48', '2021-06-15 11:12:48'),
(20, 143, 157, 'Dignissimos nesciunt totam asperiores beatae nobis dolores incidunt blanditiis exercitationem.', '2021-06-15 11:12:48', '2021-06-15 11:12:48'),
(21, 91, 80, 'Et magni et aut voluptatem aut consectetur et quasi praesentium nulla non eius enim voluptas.', '2021-06-15 11:12:48', '2021-06-15 11:12:48'),
(22, 26, 65, 'Ea nesciunt placeat omnis deleniti aliquid omnis vel dolorem voluptate est.', '2021-06-15 11:12:48', '2021-06-15 11:12:48'),
(23, 23, 119, 'In nisi error et delectus aliquam laudantium rerum incidunt ut reiciendis.', '2021-06-15 11:12:48', '2021-06-15 11:12:48'),
(24, 117, 2, 'Perferendis sequi eaque voluptas perspiciatis quo aut in.', '2021-06-15 11:12:48', '2021-06-15 11:12:48'),
(25, 89, 182, 'Veniam molestiae dolor ducimus reiciendis quisquam aliquam quaerat quo ea ut molestiae.', '2021-06-15 11:12:48', '2021-06-15 11:12:48'),
(26, 51, 110, 'Et inventore enim dolore blanditiis repudiandae consectetur aut quis soluta eum ea porro similique.', '2021-06-15 11:12:48', '2021-06-15 11:12:48'),
(27, 20, 45, 'Eos architecto consequatur error sint dicta dolores eaque harum dicta cupiditate.', '2021-06-15 11:12:48', '2021-06-15 11:12:48'),
(28, 160, 92, 'Nesciunt sunt aut voluptate aut sed dolorem earum et quod illum.', '2021-06-15 11:12:48', '2021-06-15 11:12:48'),
(29, 89, 78, 'Veritatis odio eum nihil neque dolorem vitae soluta omnis quo aspernatur.', '2021-06-15 11:12:48', '2021-06-15 11:12:48'),
(30, 72, 59, 'Deserunt quia quod odit consequuntur modi ipsam laborum.', '2021-06-15 11:12:49', '2021-06-15 11:12:49'),
(31, 150, 16, 'Commodi illo omnis aut a nisi in itaque voluptas exercitationem explicabo earum fugiat.', '2021-06-15 11:12:49', '2021-06-15 11:12:49'),
(32, 20, 39, 'Eos dolorem quod minus corporis repellendus non voluptatem non ea enim eveniet maxime ducimus dolorum.', '2021-06-15 11:12:49', '2021-06-15 11:12:49'),
(33, 127, 71, 'Voluptates quo autem tempore dignissimos minima rerum.', '2021-06-15 11:12:49', '2021-06-15 11:12:49'),
(34, 131, 81, 'Eum quia quo iure laborum magni exercitationem repellendus cum ratione est.', '2021-06-15 11:12:49', '2021-06-15 11:12:49'),
(35, 1, 97, 'Nisi modi mollitia illo ut ratione est qui vero quae ducimus repellat est voluptas.', '2021-06-15 11:12:49', '2021-06-15 11:12:49'),
(36, 184, 127, 'Nemo consequatur sapiente suscipit earum voluptatem et et numquam modi.', '2021-06-15 11:12:49', '2021-06-15 11:12:49'),
(37, 124, 14, 'Nihil dolorum quis cum ut ipsa earum qui culpa ratione voluptatum ut aut aperiam.', '2021-06-15 11:12:49', '2021-06-15 11:12:49'),
(38, 181, 197, 'Ea qui nesciunt et aut atque vero aspernatur ipsam.', '2021-06-15 11:12:49', '2021-06-15 11:12:49'),
(39, 161, 126, 'Veniam expedita accusamus fuga eos architecto vero voluptatem natus et sint non id.', '2021-06-15 11:12:49', '2021-06-15 11:12:49'),
(40, 181, 51, 'Dicta adipisci est iste voluptatum est id tempora facilis quidem numquam commodi.', '2021-06-15 11:12:49', '2021-06-15 11:12:49'),
(41, 80, 56, 'Accusamus vel qui maiores doloribus et porro ex est nemo qui blanditiis amet.', '2021-06-15 11:12:49', '2021-06-15 11:12:49'),
(42, 60, 192, 'Qui in aut ea quae architecto quod non voluptatem quia consequuntur eos.', '2021-06-15 11:12:49', '2021-06-15 11:12:49'),
(43, 127, 194, 'Et aut voluptatibus repudiandae aut voluptatem voluptatibus dolorem ullam omnis.', '2021-06-15 11:12:49', '2021-06-15 11:12:49'),
(44, 81, 123, 'Eum quod provident sed minus commodi iusto rerum maxime vitae suscipit.', '2021-06-15 11:12:49', '2021-06-15 11:12:49'),
(45, 32, 134, 'Quam autem incidunt inventore saepe nam dolore error enim quisquam sint incidunt cum.', '2021-06-15 11:12:49', '2021-06-15 11:12:49'),
(46, 65, 97, 'Et perferendis adipisci architecto perferendis sapiente et alias autem optio dolorem.', '2021-06-15 11:12:49', '2021-06-15 11:12:49'),
(47, 111, 29, 'Et est est ipsum quidem voluptas rerum maxime occaecati eum adipisci.', '2021-06-15 11:12:49', '2021-06-15 11:12:49'),
(48, 118, 165, 'Aperiam optio et eum officia voluptatibus dolorem et est sed molestiae aut dicta sed.', '2021-06-15 11:12:49', '2021-06-15 11:12:49'),
(49, 83, 125, 'Minima quaerat ut quod et nostrum ipsum sunt ducimus suscipit corrupti.', '2021-06-15 11:12:49', '2021-06-15 11:12:49'),
(50, 66, 161, 'Ut est maxime officia aut tenetur tempore voluptas possimus aut quia nobis.', '2021-06-15 11:12:49', '2021-06-15 11:12:49'),
(51, 87, 195, 'Ea et odio fuga qui fugit et nobis consequatur iste officiis.', '2021-06-15 11:12:49', '2021-06-15 11:12:49'),
(52, 64, 59, 'Tempora ut corrupti incidunt doloribus tenetur tenetur id.', '2021-06-15 11:12:50', '2021-06-15 11:12:50'),
(53, 149, 78, 'Et ut quo aliquid corporis et consequatur est ea minus rerum ut porro.', '2021-06-15 11:12:50', '2021-06-15 11:12:50'),
(54, 162, 161, 'Inventore tempora debitis adipisci et ut occaecati.', '2021-06-15 11:12:50', '2021-06-15 11:12:50'),
(55, 109, 175, 'Laborum voluptatem iure quasi minima magni ab voluptatem eos eaque.', '2021-06-15 11:12:50', '2021-06-15 11:12:50'),
(56, 7, 148, 'Sequi cumque nihil nihil voluptatem non rerum rerum totam.', '2021-06-15 11:12:50', '2021-06-15 11:12:50'),
(57, 200, 181, 'Et at in quisquam perspiciatis voluptatibus odit dolorem at quibusdam commodi quidem corporis.', '2021-06-15 11:12:50', '2021-06-15 11:12:50'),
(58, 78, 179, 'Tempora non qui asperiores id sed cupiditate eum.', '2021-06-15 11:12:50', '2021-06-15 11:12:50'),
(59, 169, 192, 'Commodi consequuntur aut voluptatem qui nisi quia quam nihil ut est vel.', '2021-06-15 11:12:50', '2021-06-15 11:12:50'),
(60, 15, 119, 'Voluptatem harum repudiandae et repudiandae asperiores aut voluptatem voluptatem dignissimos blanditiis occaecati vero.', '2021-06-15 11:12:50', '2021-06-15 11:12:50'),
(61, 11, 32, 'Est soluta amet ut totam ea et minima aut cum quidem id.', '2021-06-15 11:12:50', '2021-06-15 11:12:50'),
(62, 124, 122, 'Non nisi explicabo velit quibusdam omnis aut reiciendis vitae ut earum amet optio voluptas.', '2021-06-15 11:12:50', '2021-06-15 11:12:50'),
(63, 87, 163, 'Amet et quam deleniti eum corporis rem veritatis ea eum porro.', '2021-06-15 11:12:50', '2021-06-15 11:12:50'),
(64, 194, 125, 'Aut nemo rerum deleniti ut voluptatem accusantium consequatur aut.', '2021-06-15 11:12:50', '2021-06-15 11:12:50'),
(65, 193, 191, 'Similique quas recusandae vero laboriosam qui voluptas repellendus sed repellendus deserunt expedita beatae qui.', '2021-06-15 11:12:50', '2021-06-15 11:12:50'),
(66, 26, 179, 'Quia nihil quod voluptatem et aut non nostrum et est.', '2021-06-15 11:12:50', '2021-06-15 11:12:50'),
(67, 195, 96, 'Veritatis aut et aperiam fugiat praesentium inventore qui.', '2021-06-15 11:12:50', '2021-06-15 11:12:50'),
(68, 186, 79, 'Id perferendis occaecati consequuntur laudantium iure omnis delectus ut iusto sint sed.', '2021-06-15 11:12:50', '2021-06-15 11:12:50'),
(69, 37, 165, 'Similique ex aut et fugiat sed voluptas labore.', '2021-06-15 11:12:51', '2021-06-15 11:12:51'),
(70, 97, 74, 'Libero voluptates sed voluptate earum est necessitatibus vel accusamus perferendis accusamus.', '2021-06-15 11:12:51', '2021-06-15 11:12:51'),
(71, 14, 123, 'Aut culpa et laborum praesentium accusantium voluptas quia quis et.', '2021-06-15 11:12:51', '2021-06-15 11:12:51'),
(72, 46, 22, 'Assumenda sint quo saepe quidem totam exercitationem iure dolorem sint magnam eum et praesentium.', '2021-06-15 11:12:51', '2021-06-15 11:12:51'),
(73, 164, 170, 'Rerum voluptatem non sed est cumque officiis aut sapiente blanditiis.', '2021-06-15 11:12:51', '2021-06-15 11:12:51'),
(74, 197, 184, 'Et id ea repellat harum harum asperiores et quia.', '2021-06-15 11:12:51', '2021-06-15 11:12:51'),
(75, 140, 14, 'Esse placeat est odio incidunt voluptatum consequatur quaerat voluptatem expedita.', '2021-06-15 11:12:51', '2021-06-15 11:12:51'),
(76, 24, 9, 'Autem eos eum asperiores exercitationem iusto adipisci odio sit unde sequi nobis.', '2021-06-15 11:12:51', '2021-06-15 11:12:51'),
(77, 61, 194, 'Adipisci non placeat quos distinctio cupiditate quasi enim et.', '2021-06-15 11:12:51', '2021-06-15 11:12:51'),
(78, 162, 77, 'Qui tenetur ea temporibus qui vitae qui voluptas aut tenetur.', '2021-06-15 11:12:51', '2021-06-15 11:12:51'),
(79, 6, 20, 'Nihil consequatur quod repellendus dolores et quidem.', '2021-06-15 11:12:51', '2021-06-15 11:12:51'),
(80, 182, 176, 'Sint aliquam ab quia sint et veniam quos sit accusantium impedit est quos.', '2021-06-15 11:12:51', '2021-06-15 11:12:51'),
(81, 90, 125, 'Enim et quis quae voluptatem omnis voluptas facere culpa et.', '2021-06-15 11:12:51', '2021-06-15 11:12:51'),
(82, 167, 117, 'Sint cupiditate accusantium dolores odit nihil qui est modi rem alias.', '2021-06-15 11:12:51', '2021-06-15 11:12:51'),
(83, 61, 189, 'Et quo qui pariatur minus explicabo dolores aspernatur eum odit.', '2021-06-15 11:12:51', '2021-06-15 11:12:51'),
(84, 6, 105, 'Et sint et praesentium et maiores est.', '2021-06-15 11:12:51', '2021-06-15 11:12:51'),
(85, 65, 152, 'Tempore ut delectus voluptates rerum et veniam sit tempora consequatur alias velit iste.', '2021-06-15 11:12:51', '2021-06-15 11:12:51'),
(86, 179, 187, 'Non consequuntur deleniti in nihil aut neque quisquam ut rerum quo est nam adipisci.', '2021-06-15 11:12:51', '2021-06-15 11:12:51'),
(87, 6, 100, 'Asperiores ut atque provident numquam qui quasi sit sed voluptatem consequatur sed.', '2021-06-15 11:12:51', '2021-06-15 11:12:51'),
(88, 126, 47, 'Soluta maxime sunt veritatis quae quisquam ratione inventore facilis molestias expedita.', '2021-06-15 11:12:51', '2021-06-15 11:12:51'),
(89, 138, 60, 'Voluptate aut repellat sapiente vero quia neque ipsam aliquid voluptatibus ab.', '2021-06-15 11:12:51', '2021-06-15 11:12:51'),
(90, 39, 132, 'Nulla quos architecto ea quod qui dolores et eius aut ut.', '2021-06-15 11:12:51', '2021-06-15 11:12:51'),
(91, 137, 101, 'Suscipit architecto qui unde in quaerat dolores.', '2021-06-15 11:12:52', '2021-06-15 11:12:52'),
(92, 11, 4, 'Non dignissimos eaque natus qui maiores suscipit eum et quia quam consequatur earum.', '2021-06-15 11:12:52', '2021-06-15 11:12:52'),
(93, 172, 187, 'Saepe non itaque in dolor corporis sapiente rerum ea laudantium illo delectus esse voluptate.', '2021-06-15 11:12:52', '2021-06-15 11:12:52'),
(94, 35, 104, 'Quis omnis asperiores totam qui sed culpa.', '2021-06-15 11:12:52', '2021-06-15 11:12:52'),
(95, 188, 185, 'Modi quam facilis ut inventore autem velit magni.', '2021-06-15 11:12:52', '2021-06-15 11:12:52'),
(96, 98, 91, 'Unde voluptates vero eius harum repellat sunt.', '2021-06-15 11:12:52', '2021-06-15 11:12:52'),
(97, 103, 4, 'Est nam enim placeat cumque sapiente omnis quos enim magni et vitae dolorem eum.', '2021-06-15 11:12:52', '2021-06-15 11:12:52'),
(98, 57, 156, 'Eaque necessitatibus exercitationem maiores ut laborum nihil fugit iusto qui.', '2021-06-15 11:12:52', '2021-06-15 11:12:52'),
(99, 72, 128, 'Et ad laboriosam iure sunt vitae consequatur enim est officiis.', '2021-06-15 11:12:52', '2021-06-15 11:12:52'),
(100, 199, 150, 'Incidunt rerum at sint ea quis omnis sunt velit.', '2021-06-15 11:12:52', '2021-06-15 11:12:52'),
(101, 1, 204, 'This is a comment', '2021-06-15 12:17:26', '2021-06-15 12:17:26'),
(102, 1, 204, 'This is a comment', '2021-06-15 12:17:40', '2021-06-15 12:17:40'),
(103, 1, 204, 'This is a comment', '2021-06-15 12:17:43', '2021-06-15 12:17:43'),
(104, 1, 204, 'This is a comment 2', '2021-06-15 12:33:51', '2021-06-15 12:33:51');

-- --------------------------------------------------------

--
-- Table structure for table `failed_jobs`
--

CREATE TABLE `failed_jobs` (
  `id` bigint(20) UNSIGNED NOT NULL,
  `connection` text COLLATE utf8mb4_unicode_ci NOT NULL,
  `queue` text COLLATE utf8mb4_unicode_ci NOT NULL,
  `payload` longtext COLLATE utf8mb4_unicode_ci NOT NULL,
  `exception` longtext COLLATE utf8mb4_unicode_ci NOT NULL,
  `failed_at` timestamp NOT NULL DEFAULT current_timestamp()
) ENGINE=InnoDB DEFAULT CHARSET=utf8mb4 COLLATE=utf8mb4_unicode_ci;

-- --------------------------------------------------------

--
-- Table structure for table `migrations`
--

CREATE TABLE `migrations` (
  `id` int(10) UNSIGNED NOT NULL,
  `migration` varchar(255) COLLATE utf8mb4_unicode_ci NOT NULL,
  `batch` int(11) NOT NULL
) ENGINE=InnoDB DEFAULT CHARSET=utf8mb4 COLLATE=utf8mb4_unicode_ci;

--
-- Dumping data for table `migrations`
--

INSERT INTO `migrations` (`id`, `migration`, `batch`) VALUES
(1, '2014_10_12_000000_create_users_table', 1),
(2, '2014_10_12_100000_create_password_resets_table', 1),
(3, '2019_08_19_000000_create_failed_jobs_table', 1),
(4, '2021_06_15_124935_create_posts_table', 2),
(5, '2021_06_15_125035_create_comments_table', 2);

-- --------------------------------------------------------

--
-- Table structure for table `password_resets`
--

CREATE TABLE `password_resets` (
  `email` varchar(255) COLLATE utf8mb4_unicode_ci NOT NULL,
  `token` varchar(255) COLLATE utf8mb4_unicode_ci NOT NULL,
  `created_at` timestamp NULL DEFAULT NULL
) ENGINE=InnoDB DEFAULT CHARSET=utf8mb4 COLLATE=utf8mb4_unicode_ci;

-- --------------------------------------------------------

--
-- Table structure for table `posts`
--

CREATE TABLE `posts` (
  `id` bigint(20) UNSIGNED NOT NULL,
  `user_id` bigint(20) UNSIGNED NOT NULL,
  `caption` mediumtext COLLATE utf8mb4_unicode_ci DEFAULT NULL,
  `image` mediumtext COLLATE utf8mb4_unicode_ci NOT NULL,
  `created_at` timestamp NULL DEFAULT NULL,
  `updated_at` timestamp NULL DEFAULT NULL
) ENGINE=InnoDB DEFAULT CHARSET=utf8mb4 COLLATE=utf8mb4_unicode_ci;

--
-- Dumping data for table `posts`
--

INSERT INTO `posts` (`id`, `user_id`, `caption`, `image`, `created_at`, `updated_at`) VALUES
(1, 34, 'Facilis qui nostrum itaque occaecati.', 'https://via.placeholder.com/640x480.png/004422?text=qui', '2021-06-15 11:12:10', '2021-06-15 11:12:10'),
(2, 52, 'Tempora fugit quisquam et maiores illo ut.', 'https://via.placeholder.com/640x480.png/002277?text=distinctio', '2021-06-15 11:12:10', '2021-06-15 11:12:10'),
(3, 60, 'Adipisci ea sit vel fugit totam debitis voluptatum veritatis.', 'https://via.placeholder.com/640x480.png/00ee00?text=impedit', '2021-06-15 11:12:10', '2021-06-15 11:12:10'),
(4, 62, 'Et possimus quibusdam sequi.', 'https://via.placeholder.com/640x480.png/000088?text=perferendis', '2021-06-15 11:12:10', '2021-06-15 11:12:10'),
(5, 91, 'In numquam doloribus aut aut.', 'https://via.placeholder.com/640x480.png/00ee55?text=facere', '2021-06-15 11:12:10', '2021-06-15 11:12:10'),
(6, 38, 'Nostrum libero itaque veritatis omnis.', 'https://via.placeholder.com/640x480.png/00ee44?text=impedit', '2021-06-15 11:12:10', '2021-06-15 11:12:10'),
(7, 26, 'Ipsam et sed autem maiores dolor eligendi.', 'https://via.placeholder.com/640x480.png/0099ff?text=officia', '2021-06-15 11:12:10', '2021-06-15 11:12:10'),
(8, 23, 'Delectus dolores consequatur repellat voluptatum vitae ipsa.', 'https://via.placeholder.com/640x480.png/00ee22?text=atque', '2021-06-15 11:12:10', '2021-06-15 11:12:10'),
(9, 72, 'Sit et quam enim cupiditate.', 'https://via.placeholder.com/640x480.png/005588?text=est', '2021-06-15 11:12:10', '2021-06-15 11:12:10'),
(10, 30, 'Pariatur quae eum esse laborum voluptas.', 'https://via.placeholder.com/640x480.png/0088bb?text=in', '2021-06-15 11:12:11', '2021-06-15 11:12:11'),
(11, 68, 'Perferendis quia veniam sed quis maiores.', 'https://via.placeholder.com/640x480.png/007766?text=nihil', '2021-06-15 11:12:11', '2021-06-15 11:12:11'),
(12, 53, 'Qui et consequatur dolores maxime quos quia et.', 'https://via.placeholder.com/640x480.png/008866?text=rerum', '2021-06-15 11:12:11', '2021-06-15 11:12:11'),
(13, 65, 'Voluptates veniam velit voluptatum voluptatibus sint deleniti.', 'https://via.placeholder.com/640x480.png/0044dd?text=et', '2021-06-15 11:12:11', '2021-06-15 11:12:11'),
(14, 11, 'Assumenda ex impedit sit sunt exercitationem unde.', 'https://via.placeholder.com/640x480.png/002266?text=et', '2021-06-15 11:12:11', '2021-06-15 11:12:11'),
(15, 61, 'Facere vitae tenetur occaecati provident officia.', 'https://via.placeholder.com/640x480.png/002299?text=ea', '2021-06-15 11:12:11', '2021-06-15 11:12:11'),
(16, 58, 'Quae numquam quia odio eaque mollitia sunt.', 'https://via.placeholder.com/640x480.png/0055dd?text=dolore', '2021-06-15 11:12:11', '2021-06-15 11:12:11'),
(17, 5, 'Quis nam voluptatem impedit inventore ut et consequuntur reiciendis.', 'https://via.placeholder.com/640x480.png/00eeaa?text=hic', '2021-06-15 11:12:11', '2021-06-15 11:12:11'),
(18, 37, 'Totam veritatis numquam molestiae a natus eum odio ratione.', 'https://via.placeholder.com/640x480.png/0033ee?text=earum', '2021-06-15 11:12:11', '2021-06-15 11:12:11'),
(19, 47, 'Laborum id mollitia soluta est impedit eos occaecati facere.', 'https://via.placeholder.com/640x480.png/00ff77?text=ut', '2021-06-15 11:12:11', '2021-06-15 11:12:11'),
(20, 54, 'Vel aut molestiae dolorum at eum nulla fugiat facere.', 'https://via.placeholder.com/640x480.png/0055aa?text=temporibus', '2021-06-15 11:12:11', '2021-06-15 11:12:11'),
(21, 13, 'Est impedit ut temporibus.', 'https://via.placeholder.com/640x480.png/00ee55?text=est', '2021-06-15 11:12:11', '2021-06-15 11:12:11'),
(22, 74, 'Tempore error est iste quis.', 'https://via.placeholder.com/640x480.png/008877?text=atque', '2021-06-15 11:12:11', '2021-06-15 11:12:11'),
(23, 29, 'Dolor inventore et sit enim voluptatem non.', 'https://via.placeholder.com/640x480.png/00dd44?text=sequi', '2021-06-15 11:12:11', '2021-06-15 11:12:11'),
(24, 10, 'Sed et eum a nisi harum distinctio et.', 'https://via.placeholder.com/640x480.png/0099aa?text=aspernatur', '2021-06-15 11:12:11', '2021-06-15 11:12:11'),
(25, 96, 'Sit voluptas cum nemo distinctio non.', 'https://via.placeholder.com/640x480.png/007700?text=esse', '2021-06-15 11:12:11', '2021-06-15 11:12:11'),
(26, 42, 'Molestiae quia adipisci aspernatur animi error.', 'https://via.placeholder.com/640x480.png/009922?text=doloremque', '2021-06-15 11:12:11', '2021-06-15 11:12:11'),
(27, 62, 'Quae est quis ea est blanditiis tempore ducimus.', 'https://via.placeholder.com/640x480.png/005533?text=voluptas', '2021-06-15 11:12:11', '2021-06-15 11:12:11'),
(28, 24, 'Esse officia hic voluptatibus sit ab consectetur.', 'https://via.placeholder.com/640x480.png/008855?text=non', '2021-06-15 11:12:11', '2021-06-15 11:12:11'),
(29, 40, 'Quia qui consequatur maiores dolor nam labore.', 'https://via.placeholder.com/640x480.png/00cc11?text=quasi', '2021-06-15 11:12:12', '2021-06-15 11:12:12'),
(30, 87, 'Sapiente et omnis incidunt eligendi voluptatibus aut dolorem voluptatem.', 'https://via.placeholder.com/640x480.png/00aaaa?text=non', '2021-06-15 11:12:12', '2021-06-15 11:12:12'),
(31, 91, 'Quod quasi itaque et sed ipsum consectetur dolorem.', 'https://via.placeholder.com/640x480.png/00ccff?text=totam', '2021-06-15 11:12:12', '2021-06-15 11:12:12'),
(32, 33, 'Blanditiis odit voluptas velit dolor quisquam ut pariatur.', 'https://via.placeholder.com/640x480.png/005555?text=quia', '2021-06-15 11:12:12', '2021-06-15 11:12:12'),
(33, 89, 'Est ea et animi dolore sint dicta eum est.', 'https://via.placeholder.com/640x480.png/006644?text=eum', '2021-06-15 11:12:12', '2021-06-15 11:12:12'),
(34, 63, 'Ducimus occaecati ratione blanditiis ratione repellendus sint eos est.', 'https://via.placeholder.com/640x480.png/002255?text=quo', '2021-06-15 11:12:12', '2021-06-15 11:12:12'),
(35, 45, 'Ipsum distinctio non voluptatem ab ipsa repellendus molestiae dolores.', 'https://via.placeholder.com/640x480.png/005500?text=porro', '2021-06-15 11:12:12', '2021-06-15 11:12:12'),
(36, 66, 'Quia molestiae ratione exercitationem.', 'https://via.placeholder.com/640x480.png/00eebb?text=repellendus', '2021-06-15 11:12:12', '2021-06-15 11:12:12'),
(37, 21, 'Voluptatum esse aut voluptates.', 'https://via.placeholder.com/640x480.png/00bbaa?text=quas', '2021-06-15 11:12:12', '2021-06-15 11:12:12'),
(38, 43, 'Repellat eum autem suscipit cum.', 'https://via.placeholder.com/640x480.png/00eedd?text=sapiente', '2021-06-15 11:12:12', '2021-06-15 11:12:12'),
(39, 73, 'Voluptatum occaecati quod consequatur molestiae aliquam.', 'https://via.placeholder.com/640x480.png/009966?text=aliquid', '2021-06-15 11:12:12', '2021-06-15 11:12:12'),
(40, 84, 'Et nihil aut rerum repellendus adipisci rem omnis.', 'https://via.placeholder.com/640x480.png/00ffdd?text=voluptas', '2021-06-15 11:12:12', '2021-06-15 11:12:12'),
(41, 32, 'Iure repellat id distinctio.', 'https://via.placeholder.com/640x480.png/006611?text=itaque', '2021-06-15 11:12:12', '2021-06-15 11:12:12'),
(42, 57, 'Ullam ex qui tempore est voluptatem facilis perspiciatis.', 'https://via.placeholder.com/640x480.png/007755?text=sed', '2021-06-15 11:12:13', '2021-06-15 11:12:13'),
(43, 95, 'Consectetur voluptas blanditiis nihil non harum exercitationem modi quis.', 'https://via.placeholder.com/640x480.png/00bb77?text=accusantium', '2021-06-15 11:12:13', '2021-06-15 11:12:13'),
(44, 9, 'Est voluptatem quo ex quod vitae.', 'https://via.placeholder.com/640x480.png/0000bb?text=voluptatem', '2021-06-15 11:12:13', '2021-06-15 11:12:13'),
(45, 8, 'Corporis ullam debitis non ut explicabo cumque.', 'https://via.placeholder.com/640x480.png/001100?text=quis', '2021-06-15 11:12:13', '2021-06-15 11:12:13'),
(46, 10, 'Iste tempora eos debitis et alias quas.', 'https://via.placeholder.com/640x480.png/0088cc?text=dicta', '2021-06-15 11:12:13', '2021-06-15 11:12:13'),
(47, 28, 'Commodi at consequatur suscipit ipsa aut corporis.', 'https://via.placeholder.com/640x480.png/007733?text=accusamus', '2021-06-15 11:12:13', '2021-06-15 11:12:13'),
(48, 67, 'Nulla placeat modi qui aut at.', 'https://via.placeholder.com/640x480.png/0077aa?text=ut', '2021-06-15 11:12:13', '2021-06-15 11:12:13'),
(49, 18, 'Aperiam voluptas quia in quo ad.', 'https://via.placeholder.com/640x480.png/007755?text=provident', '2021-06-15 11:12:13', '2021-06-15 11:12:13'),
(50, 67, 'Ad aliquid et et tempore facere ad.', 'https://via.placeholder.com/640x480.png/00dd66?text=architecto', '2021-06-15 11:12:13', '2021-06-15 11:12:13'),
(51, 82, 'Possimus eaque vel molestias amet.', 'https://via.placeholder.com/640x480.png/00ffdd?text=aut', '2021-06-15 11:12:13', '2021-06-15 11:12:13'),
(52, 47, 'Animi deserunt inventore quia suscipit illum et non.', 'https://via.placeholder.com/640x480.png/0099aa?text=velit', '2021-06-15 11:12:13', '2021-06-15 11:12:13'),
(53, 23, 'Quia corrupti repellat sed quasi.', 'https://via.placeholder.com/640x480.png/00aa33?text=totam', '2021-06-15 11:12:13', '2021-06-15 11:12:13'),
(54, 65, 'Delectus velit et pariatur voluptate fuga aut.', 'https://via.placeholder.com/640x480.png/006655?text=quibusdam', '2021-06-15 11:12:13', '2021-06-15 11:12:13'),
(55, 93, 'Omnis voluptatibus voluptates quae officia.', 'https://via.placeholder.com/640x480.png/009955?text=accusamus', '2021-06-15 11:12:13', '2021-06-15 11:12:13'),
(56, 89, 'Amet eos quibusdam in iure.', 'https://via.placeholder.com/640x480.png/00bbaa?text=neque', '2021-06-15 11:12:13', '2021-06-15 11:12:13'),
(57, 17, 'Aut voluptas maiores minima eos vel et.', 'https://via.placeholder.com/640x480.png/0011ff?text=id', '2021-06-15 11:12:13', '2021-06-15 11:12:13'),
(58, 62, 'Recusandae similique quaerat voluptate tempora recusandae.', 'https://via.placeholder.com/640x480.png/003322?text=aliquid', '2021-06-15 11:12:13', '2021-06-15 11:12:13'),
(59, 22, 'Nobis aut eos nobis autem voluptatem velit et fuga.', 'https://via.placeholder.com/640x480.png/00ee55?text=minus', '2021-06-15 11:12:13', '2021-06-15 11:12:13'),
(60, 91, 'Ex dolores incidunt quisquam et atque.', 'https://via.placeholder.com/640x480.png/007777?text=sapiente', '2021-06-15 11:12:13', '2021-06-15 11:12:13'),
(61, 91, 'Et aut aliquam in culpa rerum et tempora ea.', 'https://via.placeholder.com/640x480.png/00dd00?text=provident', '2021-06-15 11:12:13', '2021-06-15 11:12:13'),
(62, 7, 'Earum numquam omnis qui aut non sed culpa.', 'https://via.placeholder.com/640x480.png/007777?text=molestiae', '2021-06-15 11:12:13', '2021-06-15 11:12:13'),
(63, 74, 'Aliquam eos molestias placeat aliquam esse atque maxime deleniti.', 'https://via.placeholder.com/640x480.png/004499?text=est', '2021-06-15 11:12:13', '2021-06-15 11:12:13'),
(64, 59, 'Esse est veritatis fugit numquam.', 'https://via.placeholder.com/640x480.png/0066ff?text=eius', '2021-06-15 11:12:13', '2021-06-15 11:12:13'),
(65, 98, 'Itaque saepe accusamus est ea occaecati nobis.', 'https://via.placeholder.com/640x480.png/00cccc?text=officiis', '2021-06-15 11:12:13', '2021-06-15 11:12:13'),
(66, 40, 'Harum maiores ullam voluptates ut eum quibusdam eos.', 'https://via.placeholder.com/640x480.png/004411?text=rerum', '2021-06-15 11:12:13', '2021-06-15 11:12:13'),
(67, 97, 'Et explicabo sequi iste.', 'https://via.placeholder.com/640x480.png/00cc33?text=quia', '2021-06-15 11:12:13', '2021-06-15 11:12:13'),
(68, 62, 'Qui hic et enim ea repellat facilis rerum.', 'https://via.placeholder.com/640x480.png/000077?text=nisi', '2021-06-15 11:12:13', '2021-06-15 11:12:13'),
(69, 45, 'Dolorem itaque facere animi et aliquid dolor.', 'https://via.placeholder.com/640x480.png/0011dd?text=eum', '2021-06-15 11:12:14', '2021-06-15 11:12:14'),
(70, 46, 'Inventore rerum voluptatum est sed magni.', 'https://via.placeholder.com/640x480.png/002277?text=consectetur', '2021-06-15 11:12:14', '2021-06-15 11:12:14'),
(71, 44, 'Laborum ipsa accusamus aut temporibus doloribus nobis perspiciatis.', 'https://via.placeholder.com/640x480.png/00bb88?text=quis', '2021-06-15 11:12:14', '2021-06-15 11:12:14'),
(72, 79, 'Voluptas consequuntur voluptatem temporibus et.', 'https://via.placeholder.com/640x480.png/004499?text=ea', '2021-06-15 11:12:14', '2021-06-15 11:12:14'),
(73, 59, 'Eius quos voluptatum ut voluptas odit aliquid.', 'https://via.placeholder.com/640x480.png/0033aa?text=veritatis', '2021-06-15 11:12:14', '2021-06-15 11:12:14'),
(74, 76, 'Magnam aliquid vero officia quia similique quaerat et.', 'https://via.placeholder.com/640x480.png/0011ff?text=et', '2021-06-15 11:12:14', '2021-06-15 11:12:14'),
(75, 99, 'Laborum autem et at quo.', 'https://via.placeholder.com/640x480.png/006622?text=illum', '2021-06-15 11:12:14', '2021-06-15 11:12:14'),
(76, 59, 'Illo numquam nulla animi sunt.', 'https://via.placeholder.com/640x480.png/00bb22?text=id', '2021-06-15 11:12:14', '2021-06-15 11:12:14'),
(77, 35, 'Veniam magnam quia voluptatibus natus eos cupiditate.', 'https://via.placeholder.com/640x480.png/0088ee?text=dolorum', '2021-06-15 11:12:14', '2021-06-15 11:12:14'),
(78, 3, 'Nihil perspiciatis voluptas sapiente dolor commodi.', 'https://via.placeholder.com/640x480.png/0044dd?text=non', '2021-06-15 11:12:14', '2021-06-15 11:12:14'),
(79, 93, 'Dolorem ipsum numquam eius ipsum est odit excepturi aliquam.', 'https://via.placeholder.com/640x480.png/0066aa?text=rerum', '2021-06-15 11:12:14', '2021-06-15 11:12:14'),
(80, 75, 'Cumque esse et voluptatem delectus voluptates nemo.', 'https://via.placeholder.com/640x480.png/002211?text=voluptatibus', '2021-06-15 11:12:14', '2021-06-15 11:12:14'),
(81, 66, 'Ut fuga ut fuga recusandae eaque beatae et.', 'https://via.placeholder.com/640x480.png/00ff33?text=sit', '2021-06-15 11:12:14', '2021-06-15 11:12:14'),
(82, 65, 'Doloribus asperiores recusandae cum corrupti.', 'https://via.placeholder.com/640x480.png/008877?text=maxime', '2021-06-15 11:12:14', '2021-06-15 11:12:14'),
(83, 92, 'Culpa rerum cupiditate consequatur consequatur nobis aliquid quod est.', 'https://via.placeholder.com/640x480.png/0077cc?text=doloribus', '2021-06-15 11:12:14', '2021-06-15 11:12:14'),
(84, 82, 'Nesciunt nisi ab et architecto ducimus.', 'https://via.placeholder.com/640x480.png/00aa55?text=quis', '2021-06-15 11:12:14', '2021-06-15 11:12:14'),
(85, 59, 'Est quasi nemo quia architecto nemo.', 'https://via.placeholder.com/640x480.png/0077ff?text=eum', '2021-06-15 11:12:14', '2021-06-15 11:12:14'),
(86, 30, 'Ut ipsum et et distinctio molestiae.', 'https://via.placeholder.com/640x480.png/0088cc?text=qui', '2021-06-15 11:12:14', '2021-06-15 11:12:14'),
(87, 99, 'Eius omnis omnis nihil.', 'https://via.placeholder.com/640x480.png/00ff99?text=sequi', '2021-06-15 11:12:14', '2021-06-15 11:12:14'),
(88, 71, 'Quod non quaerat praesentium quidem est consequatur.', 'https://via.placeholder.com/640x480.png/003388?text=maxime', '2021-06-15 11:12:14', '2021-06-15 11:12:14'),
(89, 47, 'In non consequatur adipisci provident exercitationem quo.', 'https://via.placeholder.com/640x480.png/00ff00?text=illum', '2021-06-15 11:12:14', '2021-06-15 11:12:14'),
(90, 57, 'Excepturi enim atque et dolorum sequi.', 'https://via.placeholder.com/640x480.png/006622?text=dolorem', '2021-06-15 11:12:14', '2021-06-15 11:12:14'),
(91, 80, 'Quod eos fugit ducimus ad.', 'https://via.placeholder.com/640x480.png/0088cc?text=non', '2021-06-15 11:12:14', '2021-06-15 11:12:14'),
(92, 36, 'Quia nisi in sit incidunt et natus cupiditate.', 'https://via.placeholder.com/640x480.png/003322?text=quae', '2021-06-15 11:12:14', '2021-06-15 11:12:14'),
(93, 57, 'Et voluptate quia asperiores eum temporibus iste pariatur.', 'https://via.placeholder.com/640x480.png/00ff22?text=occaecati', '2021-06-15 11:12:14', '2021-06-15 11:12:14'),
(94, 77, 'Esse labore nesciunt et eum et.', 'https://via.placeholder.com/640x480.png/0044bb?text=voluptatem', '2021-06-15 11:12:14', '2021-06-15 11:12:14'),
(95, 62, 'Minima ipsa pariatur a qui impedit facilis molestiae quis.', 'https://via.placeholder.com/640x480.png/008811?text=illo', '2021-06-15 11:12:14', '2021-06-15 11:12:14'),
(96, 15, 'Veritatis dolor fugiat esse est sit reiciendis nemo et.', 'https://via.placeholder.com/640x480.png/00aabb?text=voluptatibus', '2021-06-15 11:12:14', '2021-06-15 11:12:14'),
(97, 100, 'Temporibus esse iure in modi facilis dolorem.', 'https://via.placeholder.com/640x480.png/00ccdd?text=et', '2021-06-15 11:12:15', '2021-06-15 11:12:15'),
(98, 72, 'Distinctio aliquam perspiciatis eum.', 'https://via.placeholder.com/640x480.png/005555?text=numquam', '2021-06-15 11:12:15', '2021-06-15 11:12:15'),
(99, 40, 'Enim pariatur voluptatem eaque quisquam.', 'https://via.placeholder.com/640x480.png/00bb55?text=deleniti', '2021-06-15 11:12:15', '2021-06-15 11:12:15'),
(100, 89, 'Sit quod atque officiis perferendis cum quae.', 'https://via.placeholder.com/640x480.png/00bbee?text=ipsam', '2021-06-15 11:12:15', '2021-06-15 11:12:15'),
(101, 173, 'Perspiciatis sit aut inventore doloribus qui sequi qui.', 'https://via.placeholder.com/640x480.png/00aa00?text=quam', '2021-06-15 11:12:41', '2021-06-15 11:12:41'),
(102, 174, 'Et atque amet consequatur sit nihil sint numquam.', 'https://via.placeholder.com/640x480.png/00cc33?text=saepe', '2021-06-15 11:12:41', '2021-06-15 11:12:41'),
(103, 184, 'Consequuntur rerum aut odit qui aut.', 'https://via.placeholder.com/640x480.png/00dd11?text=vel', '2021-06-15 11:12:41', '2021-06-15 11:12:41'),
(104, 197, 'Rerum explicabo similique velit qui perspiciatis nihil deleniti.', 'https://via.placeholder.com/640x480.png/0055ee?text=qui', '2021-06-15 11:12:41', '2021-06-15 11:12:41'),
(105, 121, 'Adipisci repellendus iure qui et qui aliquid.', 'https://via.placeholder.com/640x480.png/00cc88?text=sed', '2021-06-15 11:12:41', '2021-06-15 11:12:41'),
(106, 155, 'Libero optio ratione voluptas aspernatur.', 'https://via.placeholder.com/640x480.png/008822?text=quas', '2021-06-15 11:12:41', '2021-06-15 11:12:41'),
(107, 103, 'Voluptates est soluta est natus est nisi libero.', 'https://via.placeholder.com/640x480.png/003377?text=itaque', '2021-06-15 11:12:41', '2021-06-15 11:12:41'),
(108, 123, 'Ut quia dolores voluptas laudantium et assumenda.', 'https://via.placeholder.com/640x480.png/00aa99?text=possimus', '2021-06-15 11:12:41', '2021-06-15 11:12:41'),
(109, 140, 'Quas quo ut quisquam qui iure eligendi dolores deserunt.', 'https://via.placeholder.com/640x480.png/0000dd?text=nemo', '2021-06-15 11:12:41', '2021-06-15 11:12:41'),
(110, 87, 'Vel molestiae ut facere deleniti laborum eum.', 'https://via.placeholder.com/640x480.png/0022aa?text=et', '2021-06-15 11:12:41', '2021-06-15 11:12:41'),
(111, 62, 'Esse asperiores voluptatem dolorem eos nemo incidunt.', 'https://via.placeholder.com/640x480.png/006644?text=est', '2021-06-15 11:12:41', '2021-06-15 11:12:41'),
(112, 92, 'Quae dolorem voluptate eius dolorem.', 'https://via.placeholder.com/640x480.png/0088bb?text=fuga', '2021-06-15 11:12:41', '2021-06-15 11:12:41'),
(113, 100, 'Est et deserunt odio in pariatur debitis.', 'https://via.placeholder.com/640x480.png/0066bb?text=illum', '2021-06-15 11:12:41', '2021-06-15 11:12:41'),
(114, 1, 'Sit ipsum quam quibusdam esse.', 'https://via.placeholder.com/640x480.png/000088?text=alias', '2021-06-15 11:12:41', '2021-06-15 11:12:41'),
(115, 51, 'Corrupti aperiam explicabo excepturi omnis omnis.', 'https://via.placeholder.com/640x480.png/00bbdd?text=et', '2021-06-15 11:12:42', '2021-06-15 11:12:42'),
(116, 170, 'Amet id nam omnis molestias.', 'https://via.placeholder.com/640x480.png/007744?text=quaerat', '2021-06-15 11:12:42', '2021-06-15 11:12:42'),
(117, 78, 'Aut totam asperiores aut illo.', 'https://via.placeholder.com/640x480.png/0022ee?text=doloremque', '2021-06-15 11:12:42', '2021-06-15 11:12:42'),
(118, 178, 'Labore cupiditate laborum omnis eligendi.', 'https://via.placeholder.com/640x480.png/00aa11?text=vel', '2021-06-15 11:12:42', '2021-06-15 11:12:42'),
(119, 22, 'Harum accusamus quo architecto esse recusandae rem laudantium.', 'https://via.placeholder.com/640x480.png/00ffaa?text=repudiandae', '2021-06-15 11:12:42', '2021-06-15 11:12:42'),
(120, 130, 'Et corrupti aut aspernatur ullam id.', 'https://via.placeholder.com/640x480.png/00ffff?text=vel', '2021-06-15 11:12:42', '2021-06-15 11:12:42'),
(121, 28, 'Eaque quis dolorem culpa numquam quaerat et eum.', 'https://via.placeholder.com/640x480.png/008822?text=iusto', '2021-06-15 11:12:42', '2021-06-15 11:12:42'),
(122, 141, 'Debitis blanditiis illo voluptas qui.', 'https://via.placeholder.com/640x480.png/0033cc?text=enim', '2021-06-15 11:12:42', '2021-06-15 11:12:42'),
(123, 180, 'Veritatis possimus ipsum in illo eos aut in.', 'https://via.placeholder.com/640x480.png/0011aa?text=dicta', '2021-06-15 11:12:42', '2021-06-15 11:12:42'),
(124, 91, 'Suscipit ut veritatis et ex.', 'https://via.placeholder.com/640x480.png/007788?text=dolor', '2021-06-15 11:12:42', '2021-06-15 11:12:42'),
(125, 15, 'Veniam et nihil est beatae beatae.', 'https://via.placeholder.com/640x480.png/004477?text=non', '2021-06-15 11:12:42', '2021-06-15 11:12:42'),
(126, 32, 'In sapiente dolorem omnis perferendis sed.', 'https://via.placeholder.com/640x480.png/001111?text=velit', '2021-06-15 11:12:42', '2021-06-15 11:12:42'),
(127, 14, 'Qui velit eum dicta voluptatem accusantium sed.', 'https://via.placeholder.com/640x480.png/008822?text=ea', '2021-06-15 11:12:43', '2021-06-15 11:12:43'),
(128, 94, 'Architecto deleniti omnis non ipsa vel quidem sint.', 'https://via.placeholder.com/640x480.png/005522?text=optio', '2021-06-15 11:12:43', '2021-06-15 11:12:43'),
(129, 116, 'Velit id iure omnis aut maxime officia accusamus.', 'https://via.placeholder.com/640x480.png/00bbcc?text=doloremque', '2021-06-15 11:12:43', '2021-06-15 11:12:43'),
(130, 20, 'Cumque recusandae quidem totam illo qui earum.', 'https://via.placeholder.com/640x480.png/004444?text=distinctio', '2021-06-15 11:12:43', '2021-06-15 11:12:43'),
(131, 46, 'Impedit eius neque occaecati molestiae occaecati.', 'https://via.placeholder.com/640x480.png/00bb44?text=asperiores', '2021-06-15 11:12:43', '2021-06-15 11:12:43'),
(132, 131, 'Qui ut nobis ad dolorem ipsam consectetur.', 'https://via.placeholder.com/640x480.png/00bb11?text=tenetur', '2021-06-15 11:12:43', '2021-06-15 11:12:43'),
(133, 16, 'Voluptatem qui praesentium possimus et.', 'https://via.placeholder.com/640x480.png/00dddd?text=nobis', '2021-06-15 11:12:43', '2021-06-15 11:12:43'),
(134, 149, 'Aut ipsam eaque eaque dolor dolores doloribus explicabo.', 'https://via.placeholder.com/640x480.png/00bb22?text=ut', '2021-06-15 11:12:43', '2021-06-15 11:12:43'),
(135, 59, 'Modi quo officia ut minima sint.', 'https://via.placeholder.com/640x480.png/006600?text=vel', '2021-06-15 11:12:43', '2021-06-15 11:12:43'),
(136, 67, 'Magni et corrupti recusandae et dolores excepturi dignissimos.', 'https://via.placeholder.com/640x480.png/002211?text=tempora', '2021-06-15 11:12:43', '2021-06-15 11:12:43'),
(137, 78, 'Ut occaecati consequatur ut aut cum iusto.', 'https://via.placeholder.com/640x480.png/002200?text=corporis', '2021-06-15 11:12:43', '2021-06-15 11:12:43'),
(138, 14, 'Explicabo ipsa et commodi deleniti repellendus ipsam dolore.', 'https://via.placeholder.com/640x480.png/00dd55?text=qui', '2021-06-15 11:12:43', '2021-06-15 11:12:43'),
(139, 61, 'Culpa quidem et voluptatum non.', 'https://via.placeholder.com/640x480.png/0000ff?text=consectetur', '2021-06-15 11:12:43', '2021-06-15 11:12:43'),
(140, 24, 'Eum dolorum magnam dolore reiciendis iusto accusamus.', 'https://via.placeholder.com/640x480.png/008899?text=eius', '2021-06-15 11:12:43', '2021-06-15 11:12:43'),
(141, 40, 'Porro perspiciatis rerum sed corporis rerum commodi aut ut.', 'https://via.placeholder.com/640x480.png/001166?text=quo', '2021-06-15 11:12:43', '2021-06-15 11:12:43'),
(142, 11, 'Ut ut nam consequuntur laudantium esse sit doloremque.', 'https://via.placeholder.com/640x480.png/003388?text=unde', '2021-06-15 11:12:43', '2021-06-15 11:12:43'),
(143, 194, 'Magni consequatur cumque atque id occaecati numquam.', 'https://via.placeholder.com/640x480.png/00ffdd?text=unde', '2021-06-15 11:12:43', '2021-06-15 11:12:43'),
(144, 105, 'Alias harum est nam eligendi id inventore dolor sunt.', 'https://via.placeholder.com/640x480.png/003333?text=explicabo', '2021-06-15 11:12:43', '2021-06-15 11:12:43'),
(145, 17, 'Dolores aut illum est corporis.', 'https://via.placeholder.com/640x480.png/00ddbb?text=earum', '2021-06-15 11:12:43', '2021-06-15 11:12:43'),
(146, 123, 'Sed distinctio laboriosam fugiat quod.', 'https://via.placeholder.com/640x480.png/0011aa?text=optio', '2021-06-15 11:12:43', '2021-06-15 11:12:43'),
(147, 76, 'Qui nisi inventore modi quae pariatur enim.', 'https://via.placeholder.com/640x480.png/0088bb?text=rem', '2021-06-15 11:12:43', '2021-06-15 11:12:43'),
(148, 164, 'Temporibus facere doloremque culpa molestiae fugiat ea voluptatem.', 'https://via.placeholder.com/640x480.png/0066bb?text=id', '2021-06-15 11:12:44', '2021-06-15 11:12:44'),
(149, 94, 'Neque quisquam molestiae enim omnis.', 'https://via.placeholder.com/640x480.png/004444?text=est', '2021-06-15 11:12:44', '2021-06-15 11:12:44'),
(150, 170, 'Ut quidem dolorum dolorum earum ratione.', 'https://via.placeholder.com/640x480.png/0044ee?text=et', '2021-06-15 11:12:44', '2021-06-15 11:12:44'),
(151, 178, 'Est cum deserunt sed vero.', 'https://via.placeholder.com/640x480.png/0055aa?text=aut', '2021-06-15 11:12:44', '2021-06-15 11:12:44'),
(152, 119, 'Velit assumenda veritatis qui exercitationem praesentium ut.', 'https://via.placeholder.com/640x480.png/00cc55?text=qui', '2021-06-15 11:12:44', '2021-06-15 11:12:44'),
(153, 179, 'Repellendus tempora illum est beatae magnam deserunt excepturi.', 'https://via.placeholder.com/640x480.png/008855?text=ea', '2021-06-15 11:12:44', '2021-06-15 11:12:44'),
(154, 78, 'Omnis est aperiam cupiditate voluptatem consequatur.', 'https://via.placeholder.com/640x480.png/009999?text=temporibus', '2021-06-15 11:12:44', '2021-06-15 11:12:44'),
(155, 181, 'Asperiores eos sed voluptatem ipsam deserunt qui.', 'https://via.placeholder.com/640x480.png/002211?text=itaque', '2021-06-15 11:12:44', '2021-06-15 11:12:44'),
(156, 191, 'Cum vitae beatae dolorum quaerat eaque atque.', 'https://via.placeholder.com/640x480.png/00dd44?text=molestiae', '2021-06-15 11:12:44', '2021-06-15 11:12:44'),
(157, 28, 'Deleniti temporibus veniam aperiam id.', 'https://via.placeholder.com/640x480.png/00eecc?text=et', '2021-06-15 11:12:44', '2021-06-15 11:12:44'),
(158, 136, 'Perferendis ea tenetur nemo exercitationem.', 'https://via.placeholder.com/640x480.png/00bb33?text=consequuntur', '2021-06-15 11:12:44', '2021-06-15 11:12:44'),
(159, 102, 'Impedit ut illum iure ut recusandae quo.', 'https://via.placeholder.com/640x480.png/003333?text=vitae', '2021-06-15 11:12:44', '2021-06-15 11:12:44'),
(160, 184, 'Similique vel repellat expedita reiciendis.', 'https://via.placeholder.com/640x480.png/006633?text=earum', '2021-06-15 11:12:44', '2021-06-15 11:12:44'),
(161, 30, 'Expedita ratione nesciunt vero ratione rem hic.', 'https://via.placeholder.com/640x480.png/00ff66?text=rerum', '2021-06-15 11:12:44', '2021-06-15 11:12:44'),
(162, 46, 'Voluptates sunt quae debitis.', 'https://via.placeholder.com/640x480.png/002222?text=dolorem', '2021-06-15 11:12:44', '2021-06-15 11:12:44'),
(163, 90, 'Similique vero enim veniam non quia occaecati non nobis.', 'https://via.placeholder.com/640x480.png/0055bb?text=nulla', '2021-06-15 11:12:44', '2021-06-15 11:12:44'),
(164, 144, 'Illum ut ea aut iure repudiandae.', 'https://via.placeholder.com/640x480.png/007744?text=aut', '2021-06-15 11:12:44', '2021-06-15 11:12:44'),
(165, 102, 'Ratione dicta blanditiis aspernatur.', 'https://via.placeholder.com/640x480.png/00bb99?text=placeat', '2021-06-15 11:12:44', '2021-06-15 11:12:44'),
(166, 147, 'Architecto nisi culpa velit dolor et.', 'https://via.placeholder.com/640x480.png/00ff66?text=est', '2021-06-15 11:12:44', '2021-06-15 11:12:44'),
(167, 184, 'Similique voluptatem dignissimos vel tempore eveniet voluptatem.', 'https://via.placeholder.com/640x480.png/0022ff?text=libero', '2021-06-15 11:12:44', '2021-06-15 11:12:44'),
(168, 99, 'Aut vitae non magni sequi qui.', 'https://via.placeholder.com/640x480.png/008866?text=dolor', '2021-06-15 11:12:44', '2021-06-15 11:12:44'),
(169, 190, 'Nihil quod commodi accusantium et rerum molestiae animi.', 'https://via.placeholder.com/640x480.png/005588?text=nam', '2021-06-15 11:12:45', '2021-06-15 11:12:45'),
(170, 162, 'Fugiat officiis asperiores necessitatibus dolores est temporibus.', 'https://via.placeholder.com/640x480.png/007700?text=dicta', '2021-06-15 11:12:45', '2021-06-15 11:12:45'),
(171, 173, 'Minima nihil quae voluptas praesentium tempora molestias.', 'https://via.placeholder.com/640x480.png/00ff33?text=laboriosam', '2021-06-15 11:12:45', '2021-06-15 11:12:45'),
(172, 64, 'Rerum enim sunt sunt modi voluptatibus officia doloribus.', 'https://via.placeholder.com/640x480.png/00dd00?text=enim', '2021-06-15 11:12:45', '2021-06-15 11:12:45'),
(173, 72, 'Rerum aliquam voluptas voluptatem et quod dolorem mollitia.', 'https://via.placeholder.com/640x480.png/00ccee?text=in', '2021-06-15 11:12:45', '2021-06-15 11:12:45'),
(174, 158, 'Eveniet velit reiciendis iste optio repellendus nobis quia.', 'https://via.placeholder.com/640x480.png/000044?text=dolores', '2021-06-15 11:12:45', '2021-06-15 11:12:45'),
(175, 163, 'Repellendus odio beatae sint a facilis qui odit.', 'https://via.placeholder.com/640x480.png/00aacc?text=repellendus', '2021-06-15 11:12:45', '2021-06-15 11:12:45'),
(176, 150, 'Consequatur minima suscipit corporis exercitationem sapiente placeat officiis.', 'https://via.placeholder.com/640x480.png/0044cc?text=quisquam', '2021-06-15 11:12:45', '2021-06-15 11:12:45'),
(177, 36, 'Magni est soluta suscipit expedita fugit quos aut.', 'https://via.placeholder.com/640x480.png/0044bb?text=sed', '2021-06-15 11:12:45', '2021-06-15 11:12:45'),
(178, 89, 'Earum voluptas occaecati corrupti dolor eos quisquam autem.', 'https://via.placeholder.com/640x480.png/00aa33?text=earum', '2021-06-15 11:12:45', '2021-06-15 11:12:45'),
(179, 101, 'Enim beatae quas optio vel necessitatibus ducimus maxime.', 'https://via.placeholder.com/640x480.png/0055bb?text=non', '2021-06-15 11:12:45', '2021-06-15 11:12:45'),
(180, 148, 'Officiis laboriosam necessitatibus ad sunt aut iste voluptatem vitae.', 'https://via.placeholder.com/640x480.png/00ff11?text=facere', '2021-06-15 11:12:45', '2021-06-15 11:12:45'),
(181, 108, 'Praesentium vel facere quo dolore vel alias.', 'https://via.placeholder.com/640x480.png/001133?text=saepe', '2021-06-15 11:12:45', '2021-06-15 11:12:45'),
(182, 63, 'Fugit perspiciatis aut qui et sed aut.', 'https://via.placeholder.com/640x480.png/0011bb?text=sint', '2021-06-15 11:12:45', '2021-06-15 11:12:45'),
(183, 51, 'Exercitationem et magnam facere tempora pariatur quidem.', 'https://via.placeholder.com/640x480.png/00ee66?text=vel', '2021-06-15 11:12:45', '2021-06-15 11:12:45'),
(184, 103, 'Quia deleniti consequatur sint nulla perferendis.', 'https://via.placeholder.com/640x480.png/0088aa?text=nam', '2021-06-15 11:12:45', '2021-06-15 11:12:45'),
(185, 9, 'Vitae doloribus similique labore temporibus omnis velit.', 'https://via.placeholder.com/640x480.png/00dd33?text=optio', '2021-06-15 11:12:45', '2021-06-15 11:12:45'),
(186, 139, 'In rem et occaecati vel qui excepturi.', 'https://via.placeholder.com/640x480.png/0011ee?text=ipsum', '2021-06-15 11:12:45', '2021-06-15 11:12:45'),
(187, 186, 'Aut veniam quo qui sed aliquid.', 'https://via.placeholder.com/640x480.png/00eedd?text=voluptas', '2021-06-15 11:12:45', '2021-06-15 11:12:45'),
(188, 160, 'Est nulla quas nobis ea impedit accusantium.', 'https://via.placeholder.com/640x480.png/008800?text=ducimus', '2021-06-15 11:12:45', '2021-06-15 11:12:45'),
(189, 186, 'Suscipit qui vel earum molestiae fugit.', 'https://via.placeholder.com/640x480.png/0044cc?text=facere', '2021-06-15 11:12:46', '2021-06-15 11:12:46'),
(190, 64, 'Tempora qui tempore officia est nulla tempora.', 'https://via.placeholder.com/640x480.png/009922?text=vitae', '2021-06-15 11:12:46', '2021-06-15 11:12:46'),
(191, 190, 'Animi sunt in voluptas expedita nam laborum.', 'https://via.placeholder.com/640x480.png/00ccbb?text=nihil', '2021-06-15 11:12:46', '2021-06-15 11:12:46'),
(192, 191, 'Quam veritatis eaque sit aut unde sed et.', 'https://via.placeholder.com/640x480.png/008866?text=et', '2021-06-15 11:12:46', '2021-06-15 11:12:46'),
(193, 1, 'Quidem ab culpa veritatis sequi.', 'https://via.placeholder.com/640x480.png/00cc11?text=rem', '2021-06-15 11:12:46', '2021-06-15 11:12:46'),
(194, 134, 'Ut veniam atque suscipit et.', 'https://via.placeholder.com/640x480.png/003311?text=voluptas', '2021-06-15 11:12:46', '2021-06-15 11:12:46'),
(195, 112, 'Vel reprehenderit reiciendis voluptas iste.', 'https://via.placeholder.com/640x480.png/00ee00?text=temporibus', '2021-06-15 11:12:46', '2021-06-15 11:12:46'),
(196, 140, 'Qui maiores occaecati assumenda assumenda.', 'https://via.placeholder.com/640x480.png/005555?text=nostrum', '2021-06-15 11:12:46', '2021-06-15 11:12:46'),
(197, 28, 'Consequatur veritatis quo fugiat officia earum explicabo consectetur.', 'https://via.placeholder.com/640x480.png/00bb11?text=nemo', '2021-06-15 11:12:46', '2021-06-15 11:12:46'),
(198, 105, 'Dolor quam sit nihil exercitationem magnam.', 'https://via.placeholder.com/640x480.png/00ee66?text=aut', '2021-06-15 11:12:46', '2021-06-15 11:12:46'),
(199, 186, 'Nemo necessitatibus voluptas ut dolorum pariatur.', 'https://via.placeholder.com/640x480.png/00dd55?text=consequatur', '2021-06-15 11:12:46', '2021-06-15 11:12:46'),
(200, 40, 'Commodi qui ipsa architecto est earum consequuntur sed repudiandae.', 'https://via.placeholder.com/640x480.png/00dd22?text=ipsum', '2021-06-15 11:12:46', '2021-06-15 11:12:46'),
(201, 1, 'This is an image caption', 'images/posts/2021061520750810026.PNG', '2021-06-15 12:07:50', '2021-06-15 12:07:50'),
(202, 1, 'This is an image captiondsadsfadsfdsafdsa', 'images/posts/2021061520815572979.PNG', '2021-06-15 12:08:15', '2021-06-15 12:08:15'),
(203, 1, NULL, 'images/posts/2021061520817245897.PNG', '2021-06-15 12:08:17', '2021-06-15 12:08:17'),
(204, 1, 'This is an image captiondsadsfadsfdsafdsa', 'images/posts/2021061520820917929.PNG', '2021-06-15 12:08:20', '2021-06-15 12:08:20'),
(205, 1, 'This is an image captiondsadsfadsfdsafdsa', 'images/posts/2021061521952790211.PNG', '2021-06-15 12:19:52', '2021-06-15 12:19:52');

-- --------------------------------------------------------

--
-- Table structure for table `users`
--

CREATE TABLE `users` (
  `id` bigint(20) UNSIGNED NOT NULL,
  `name` varchar(255) COLLATE utf8mb4_unicode_ci NOT NULL,
  `email` varchar(255) COLLATE utf8mb4_unicode_ci NOT NULL,
  `email_verified_at` timestamp NULL DEFAULT NULL,
  `password` varchar(255) COLLATE utf8mb4_unicode_ci NOT NULL,
  `fcm_token` mediumtext COLLATE utf8mb4_unicode_ci DEFAULT NULL,
  `remember_token` varchar(100) COLLATE utf8mb4_unicode_ci DEFAULT NULL,
  `created_at` timestamp NULL DEFAULT NULL,
  `updated_at` timestamp NULL DEFAULT NULL
) ENGINE=InnoDB DEFAULT CHARSET=utf8mb4 COLLATE=utf8mb4_unicode_ci;

--
-- Dumping data for table `users`
--

INSERT INTO `users` (`id`, `name`, `email`, `email_verified_at`, `password`, `fcm_token`, `remember_token`, `created_at`, `updated_at`) VALUES
(1, 'Gail Trantow', 'test@test.com', '2021-06-15 11:11:58', '$2y$10$Ogxc2WHPzPBuiX1pTuGKge5QfMlayR/OOWSjSDAhDgXzwLq5n86wO', NULL, 'UGYVXu4Qnp', '2021-06-15 11:12:06', '2021-06-15 11:12:06'),
(2, 'Isabell Schultz II', 'tjacobs@example.org', '2021-06-15 11:11:58', '$2y$10$noP6USPVxP/0UQzAY6loH.eZXmNxadzRwXgMT4GWdynF.DikNCiJC', NULL, 'w5oS7AqmUq', '2021-06-15 11:12:06', '2021-06-15 11:12:06'),
(3, 'Abbey Kuvalis', 'agustin.schaden@example.org', '2021-06-15 11:11:58', '$2y$10$dI7dfavZY9w5KyLACpZGZu/Go00eArvWAkPDA.Q4nNtpu8tPLygVe', NULL, 'W4p5X3uo7r', '2021-06-15 11:12:06', '2021-06-15 11:12:06'),
(4, 'Miss Clare Connelly III', 'hand.tess@example.com', '2021-06-15 11:11:58', '$2y$10$c17JDSqLKxGoctnykaCRg.SCXCnJYQ5ajvCDZMMUJ8z69CpORgSN2', NULL, 'x7mHbWAgPA', '2021-06-15 11:12:06', '2021-06-15 11:12:06'),
(5, 'Dr. Kamron Mitchell MD', 'greenfelder.courtney@example.org', '2021-06-15 11:11:58', '$2y$10$kINaOReTePsthUJiG4o3Ou2pth18eCT.hBeWcL0LsR08RzUJ.cmiy', NULL, 'm8GvIuVPRq', '2021-06-15 11:12:06', '2021-06-15 11:12:06'),
(6, 'Damien Baumbach', 'carlotta.nicolas@example.com', '2021-06-15 11:11:58', '$2y$10$6yRbNwM95qVDVahc5RNsyuIoZyEloov57aWtmx90Kt74RAte1xLty', NULL, 'cu3fQNIxls', '2021-06-15 11:12:06', '2021-06-15 11:12:06'),
(7, 'Prof. Braden Rohan MD', 'mollie.simonis@example.com', '2021-06-15 11:11:58', '$2y$10$37E0ctRaJPq5ZYeZorYcbeedWEbaB0lMW9fp9IUBWJ0DwymDn9BB.', NULL, 'OfE4NcduXY', '2021-06-15 11:12:06', '2021-06-15 11:12:06'),
(8, 'Dr. Crawford Ebert III', 'orn.rosie@example.net', '2021-06-15 11:11:58', '$2y$10$qFxvRcLzbTxRxw978x73H.bO56RcVjTl/aiu7E11N322TE.wNLGNm', NULL, 'ePkOlTyZC1', '2021-06-15 11:12:06', '2021-06-15 11:12:06'),
(9, 'Prof. Kelli Hickle', 'jlubowitz@example.net', '2021-06-15 11:11:58', '$2y$10$W2IJqhoLgNe/hDZJW2mJo.iqaDRtc9tJUiJ0IdAxRqXBNPlrk.goC', NULL, '4bjVUrc1zZ', '2021-06-15 11:12:06', '2021-06-15 11:12:06'),
(10, 'Nadia Harris', 'ruby.corkery@example.org', '2021-06-15 11:11:59', '$2y$10$Qk3EDjXjKcx9lRPGbTPkP.3NOsakYyhOrd2beeKRRTo25tzorJrme', NULL, 'OW3Ea5j9d4', '2021-06-15 11:12:06', '2021-06-15 11:12:06'),
(11, 'Ms. Mireille Carroll Sr.', 'hudson.alvah@example.com', '2021-06-15 11:11:59', '$2y$10$1topLt.0K6sGuhaftSH6HegvLufMsQ..ezpcpKcjCviMEebIx/0R6', NULL, 'GtIvE7GTOm', '2021-06-15 11:12:06', '2021-06-15 11:12:06'),
(12, 'Reese Simonis', 'woodrow47@example.com', '2021-06-15 11:11:59', '$2y$10$LFb3nPyEu1Azx9BrDoPGQeoN7o3C3z6VXwf1Am/VwfkvNDgFr41v.', NULL, '6R7LlLpvCs', '2021-06-15 11:12:06', '2021-06-15 11:12:06'),
(13, 'Avis Friesen', 'will.rafaela@example.com', '2021-06-15 11:11:59', '$2y$10$louH1ryp2V.bjfYuZWna.efWE4UF2DDUrUealewdjHaxadlv4r9ai', NULL, 'UMfMdorhxq', '2021-06-15 11:12:06', '2021-06-15 11:12:06'),
(14, 'Prof. Nickolas McGlynn', 'joanny54@example.net', '2021-06-15 11:11:59', '$2y$10$bqheYPwZEtJQwocxSLVI1eUh0PnTdykrgTotvYfMHDjVNoueZNoi2', NULL, 'Aio7cmqbr1', '2021-06-15 11:12:06', '2021-06-15 11:12:06'),
(15, 'Mable Bahringer', 'loma.roob@example.org', '2021-06-15 11:11:59', '$2y$10$/mekFh6ltoXCsgiezLxGROz5cgy9HCXhw6rz.mZoVQKzCRBV/SMgS', NULL, 'shNjErSPQp', '2021-06-15 11:12:06', '2021-06-15 11:12:06'),
(16, 'Krystel Brown', 'hilpert.lesley@example.net', '2021-06-15 11:11:59', '$2y$10$nRQeJoA1IdC2jGCInr4yGed6zYUHITLiTCbLHWNCxLuzZS9e3lnJK', NULL, 'QxmoyBeX5S', '2021-06-15 11:12:07', '2021-06-15 11:12:07'),
(17, 'Hellen Daugherty', 'gerdman@example.com', '2021-06-15 11:11:59', '$2y$10$pUzz8xJhGWilTi868LKtG.ZhFObcYRu3BZOETlkveAAqmQY8.NLWu', NULL, 'woWdS0wt0L', '2021-06-15 11:12:07', '2021-06-15 11:12:07'),
(18, 'Chet Kozey', 'estell.fahey@example.net', '2021-06-15 11:11:59', '$2y$10$POoaogHqMlSV22nprBo1.usqacVPzJE72Pz5ufnf84Y3rUfS1D6t2', NULL, 'ZtvK0rFwKd', '2021-06-15 11:12:07', '2021-06-15 11:12:07'),
(19, 'Muhammad Gorczany', 'psanford@example.com', '2021-06-15 11:11:59', '$2y$10$OcanpvxIJDGB//dBmb4aQejxsY8lASjdYinV1Vy1GSFUxNjsuBLZK', NULL, 'CxQOHO2QLV', '2021-06-15 11:12:07', '2021-06-15 11:12:07'),
(20, 'Emmet Herzog', 'louisa26@example.org', '2021-06-15 11:11:59', '$2y$10$141rKJWlgL0rprGWcc32zulYTwcnzAQoQ/ITdY0ipvxC4uGinfpWW', NULL, 'h5Hlgxvk4n', '2021-06-15 11:12:07', '2021-06-15 11:12:07'),
(21, 'Dr. Lisette Hoeger', 'tnicolas@example.com', '2021-06-15 11:11:59', '$2y$10$wXg15hFzIpWOMQ5xgMfZcuVkwumQSMv.2b8SKkjbjlviBmsolkN12', NULL, 'zLksmstmAa', '2021-06-15 11:12:07', '2021-06-15 11:12:07'),
(22, 'Audie Mitchell', 'gcasper@example.org', '2021-06-15 11:11:59', '$2y$10$oJXcDURoT9OCRfeuag.W9eGr92j.x9BaFeEvtvBXoNeXXdgTI7BBe', NULL, 'InrYO9wdSN', '2021-06-15 11:12:07', '2021-06-15 11:12:07'),
(23, 'Eddie Nader', 'aiden.koss@example.com', '2021-06-15 11:12:00', '$2y$10$Q04S0JAPMsA7Q6Q.35Kfcuycx2eNQs0soCx7s3YTrdP6Yb4PCCfD2', NULL, 'tGweaqLrrL', '2021-06-15 11:12:07', '2021-06-15 11:12:07'),
(24, 'Amber Ferry', 'kassandra34@example.net', '2021-06-15 11:12:00', '$2y$10$cl3VykpfSlflIBBtKfibN.e4UmF/TJyng/LSmeL9brG8/CQ1AcLUG', NULL, 'Z1muqw3Vfw', '2021-06-15 11:12:07', '2021-06-15 11:12:07'),
(25, 'Dorris Hettinger', 'arnulfo.williamson@example.org', '2021-06-15 11:12:00', '$2y$10$EIPeRKpMOhHkzXqs5OxdcObKTatxTE88Y6I78/hUTwvS89HmZsClG', NULL, 'myvkxsbkj4', '2021-06-15 11:12:07', '2021-06-15 11:12:07'),
(26, 'Leora Quigley', 'charlie80@example.org', '2021-06-15 11:12:00', '$2y$10$kVAwdahxiiYUM5PMohvv5eVutDvRbmQtd52pLnjERbUtRz9K6Y3bK', NULL, 'w7AVwVwDG2', '2021-06-15 11:12:07', '2021-06-15 11:12:07'),
(27, 'Federico Denesik', 'lucio21@example.org', '2021-06-15 11:12:00', '$2y$10$RIMZJ4T2qhjMvQAoxf4vE.8TKxsJCJhJFOI/3bZvbEh3VL.w9lLBS', NULL, 'S9YizyJHdt', '2021-06-15 11:12:07', '2021-06-15 11:12:07'),
(28, 'Sallie Sipes', 'karli05@example.org', '2021-06-15 11:12:00', '$2y$10$BEbH/DWd2PhpfW5Ov0fzZeEqrdzXAXnMFxuk6QM1gD.FueI/o4m/K', NULL, 'Ge6meYFbSe', '2021-06-15 11:12:07', '2021-06-15 11:12:07'),
(29, 'Asha Dooley', 'bridget43@example.net', '2021-06-15 11:12:00', '$2y$10$jNaDfFWRp79Nee/SQYiq2uw0hqpXEmvQrzpjZuj9Wt9ldFP7YT/je', NULL, 'e1TADjin3E', '2021-06-15 11:12:07', '2021-06-15 11:12:07'),
(30, 'Miss Hosea Zieme PhD', 'bernie.pollich@example.org', '2021-06-15 11:12:00', '$2y$10$MHjGiOTuHSCv8XPaUl2B7uMxLlxsEJvJdio3DU4FXOe.hb.8ohkq2', NULL, 'njQ0eIbtnB', '2021-06-15 11:12:07', '2021-06-15 11:12:07'),
(31, 'Lia Predovic', 'laurine.koch@example.net', '2021-06-15 11:12:00', '$2y$10$2PpXbVxD2jivV07qnMRkRu6Llf7Y8TpAvSmb4NO9eBXalDkpjGQpa', NULL, '2pcdAOlKb1', '2021-06-15 11:12:07', '2021-06-15 11:12:07'),
(32, 'Prof. Diana Crooks', 'clementina98@example.com', '2021-06-15 11:12:00', '$2y$10$RUxet82irbs30B/9o3M5U.RFifiP4N68G9exxxsFdQrfb0mU6kdgu', NULL, 'WAYIiM3MdO', '2021-06-15 11:12:07', '2021-06-15 11:12:07'),
(33, 'Odessa Mitchell V', 'zdach@example.com', '2021-06-15 11:12:00', '$2y$10$U.pIFosN8GsZKkAtf5cBmuuiwUWKRZGanBu5Pk4u0IG61ZCAtHhbO', NULL, 'hsvBatCnqw', '2021-06-15 11:12:07', '2021-06-15 11:12:07'),
(34, 'Geraldine Wisoky', 'daron86@example.net', '2021-06-15 11:12:00', '$2y$10$jMdx/cNN7LwHvSH37w.ATetFhJvjay8ohFz31WLQ75tFQwkP/Xk.i', NULL, '0ntZRgIvvu', '2021-06-15 11:12:07', '2021-06-15 11:12:07'),
(35, 'Jeanette Gislason', 'ashton.adams@example.com', '2021-06-15 11:12:01', '$2y$10$pImb2yuk3meukIKt3Hu3/eoCoXig.SIXaitNXZb1GUSYHZYgv6ix6', NULL, '42laiTHKwJ', '2021-06-15 11:12:07', '2021-06-15 11:12:07'),
(36, 'Clair Balistreri V', 'pward@example.com', '2021-06-15 11:12:01', '$2y$10$rrRtOeNIPS/JVBoxm5UvFOmgGKut7lOEjC5GW/qmiJskBgVegSy3O', NULL, 'HNj4J9dgkv', '2021-06-15 11:12:07', '2021-06-15 11:12:07'),
(37, 'Miss Eula Streich II', 'odessa26@example.net', '2021-06-15 11:12:01', '$2y$10$vOD.ow1o8a6rgWg2WmMnfuO1FL7X6W2N0F8UVYUjNt3DppcWqCgHm', NULL, 'Cx0ApTWYX9', '2021-06-15 11:12:07', '2021-06-15 11:12:07'),
(38, 'Mr. Benny Berge', 'goodwin.jessie@example.org', '2021-06-15 11:12:01', '$2y$10$6oP9FEhOMYtMo2c4Sc8m6.0Tw27F1AtPtmfClFQq1u9OTYrYwF90G', NULL, 'vFBEItUNUP', '2021-06-15 11:12:07', '2021-06-15 11:12:07'),
(39, 'Kasey Lynch', 'amos.yundt@example.net', '2021-06-15 11:12:01', '$2y$10$FBiegHEKCTx0UzY5lJggl.3hFO7ccj5Ipc/HFUL0Df2SeqQrQk60.', NULL, 'VAJySSq0Ah', '2021-06-15 11:12:07', '2021-06-15 11:12:07'),
(40, 'Prof. Idell Kunde', 'xlemke@example.net', '2021-06-15 11:12:01', '$2y$10$XiefYXlgxaWSJvKrNyUjEek8j.zqr8FrswbTP3x1nPN0JXCr40kVW', NULL, '0A1aeXYUz3', '2021-06-15 11:12:07', '2021-06-15 11:12:07'),
(41, 'Dr. Arlene Bahringer Jr.', 'reilly.ettie@example.com', '2021-06-15 11:12:01', '$2y$10$iuO2uujRC6UJy0Vv6g51v.b3dWJpUMWypsrzcbox.tqMOJyx9i/Hq', NULL, 'yg7R6yXrKg', '2021-06-15 11:12:07', '2021-06-15 11:12:07'),
(42, 'Aiyana Rohan', 'alejandra.hansen@example.com', '2021-06-15 11:12:01', '$2y$10$RwfoHnNTnrf/ELoAkKIaAOIxF3Y81bwt1ERoaQ08pIgj6XROAxWii', NULL, 'X9LeU27UL8', '2021-06-15 11:12:08', '2021-06-15 11:12:08'),
(43, 'Mr. Edwardo Wehner', 'homenick.edythe@example.com', '2021-06-15 11:12:01', '$2y$10$LaGQjRCKT/eVJblgjYJXBeXtJtYG32oY2DJolrE2DQAwsQCvNut16', NULL, 'smULnWg1Fr', '2021-06-15 11:12:08', '2021-06-15 11:12:08'),
(44, 'Finn White', 'hlind@example.com', '2021-06-15 11:12:01', '$2y$10$dbrf2nBJwF9zLxR0IrRfIucdPMO8yJGvYbyGH68BzyclvaupxfZFG', NULL, '5hnWPNQdVh', '2021-06-15 11:12:08', '2021-06-15 11:12:08'),
(45, 'Shaun White', 'krajcik.rickie@example.org', '2021-06-15 11:12:01', '$2y$10$S3Akh5LLwezLLFVgQBM21u0Kfgya3vmLe8IQF6PtvZDuOnMxhLoEC', NULL, '0vE8Xqq86S', '2021-06-15 11:12:08', '2021-06-15 11:12:08'),
(46, 'Elmira Dach', 'lebsack.isaiah@example.com', '2021-06-15 11:12:01', '$2y$10$j6OTOtl0xlX8gZ.HLmGBR.GPJ3c4AKy8t41LGwBvA2Q8x8w0Kr376', NULL, 'wHiqW9lPLj', '2021-06-15 11:12:08', '2021-06-15 11:12:08'),
(47, 'Prof. Armand Parisian III', 'trycia12@example.net', '2021-06-15 11:12:02', '$2y$10$gCaVkMQYcLUZjjdQkd.OCufeR9VIS8QDnsM19m1CF28H/Py/U1bcu', NULL, 'XrxfFfGC5P', '2021-06-15 11:12:08', '2021-06-15 11:12:08'),
(48, 'Mabel Homenick MD', 'emelia89@example.com', '2021-06-15 11:12:02', '$2y$10$CQRixz0cBSLsfFkZIOImNupU.gy9XNnbCdHXerbTLoDmqNYZcq6.m', NULL, 'VD96fKJFjj', '2021-06-15 11:12:08', '2021-06-15 11:12:08'),
(49, 'Deion Flatley', 'qwyman@example.org', '2021-06-15 11:12:02', '$2y$10$s1YsDWGvrjsuPnpFjiLqtuo.gJuVVU1H87Ai9A5ezul7hVdeYNAQ2', NULL, 'YSs61DKlJN', '2021-06-15 11:12:08', '2021-06-15 11:12:08'),
(50, 'Mrs. Delores VonRueden', 'gjast@example.com', '2021-06-15 11:12:02', '$2y$10$Q/hUIXjx6GnbKyV9/xP/lesGCpLlOBD.EvL1eyzEbPyHZbADCpv.W', NULL, '6DtLwvzIfo', '2021-06-15 11:12:08', '2021-06-15 11:12:08'),
(51, 'Mrs. Adah Rice', 'felton82@example.net', '2021-06-15 11:12:02', '$2y$10$HAKF3MoiATOGfcO3Ul9MmOHVjbwFPpW/sHB9HcRDKMvq6FOjY3Cly', NULL, 'Yawd9yYedf', '2021-06-15 11:12:08', '2021-06-15 11:12:08'),
(52, 'Dr. Patrick Jacobi', 'chase.leffler@example.com', '2021-06-15 11:12:02', '$2y$10$kWufrzcOBfazeNT9tL7Dw.CuKFClebUHcTJ7k9j834.SKW9t0lPcC', NULL, '4pPZp5aYh9', '2021-06-15 11:12:08', '2021-06-15 11:12:08'),
(53, 'Carmela Hilpert DVM', 'zleffler@example.com', '2021-06-15 11:12:02', '$2y$10$OC4a35USQwBPctrWZjidRuyZf23Qd0mRplSj1hQ9r8aqfrkKhKRvC', NULL, 'tjTkxdzSBB', '2021-06-15 11:12:08', '2021-06-15 11:12:08'),
(54, 'Jaeden Zieme', 'emily.pfeffer@example.com', '2021-06-15 11:12:02', '$2y$10$9IChQDHJUeV11FnOal3d6eoRHyRVdez2bInpkZDRRawc9kM6LL./6', NULL, 'e8HqiEZGyt', '2021-06-15 11:12:08', '2021-06-15 11:12:08'),
(55, 'Joannie Waters Sr.', 'ycrona@example.com', '2021-06-15 11:12:02', '$2y$10$DSOA38MJo9zF8ECDAh.m9./7rH7i4her.DVECoxwSEHI0SWbGTFSe', NULL, 'TDLTeoitmO', '2021-06-15 11:12:08', '2021-06-15 11:12:08'),
(56, 'Collin Howell', 'sborer@example.net', '2021-06-15 11:12:02', '$2y$10$SUORmw57Ilzug2COoY5huegfb7TMvKjx0SMlJTSvq6PcZqtGiMwQO', NULL, 'ikMcjOU1mx', '2021-06-15 11:12:08', '2021-06-15 11:12:08'),
(57, 'Mr. Otho Steuber PhD', 'henri.rosenbaum@example.org', '2021-06-15 11:12:02', '$2y$10$tLBYowObKVfIzaFuygEKnu/5c/CA9uzEGAmpgUyrtqAsjv.zqekTm', NULL, 'SnekoAaa1T', '2021-06-15 11:12:08', '2021-06-15 11:12:08'),
(58, 'Marlene Mann', 'schneider.joshuah@example.net', '2021-06-15 11:12:02', '$2y$10$PPBgyKJlCK1GXPRXiJWsLOKd0jJWMVXL5epL5S6ug6tb4Zabbkx4K', NULL, 'Jf8g7F3Xqq', '2021-06-15 11:12:08', '2021-06-15 11:12:08'),
(59, 'Mr. Uriah Gorczany V', 'unique.watsica@example.org', '2021-06-15 11:12:02', '$2y$10$Dvlo0pmnBb/xRMGrqXa.Ne2tJqeCpTy4nv/wEMTYm6K6BN43qtq3u', NULL, 'nfWWfX6eyf', '2021-06-15 11:12:08', '2021-06-15 11:12:08'),
(60, 'Clovis Emard', 'rzieme@example.org', '2021-06-15 11:12:02', '$2y$10$RQqy2AXyRRnPMzsRds/.4uNX/xicVf0O2CGCfYJrs4MizjqOwxqQC', NULL, '75EvtTisqB', '2021-06-15 11:12:08', '2021-06-15 11:12:08'),
(61, 'Riley O\'Hara', 'mhoeger@example.org', '2021-06-15 11:12:02', '$2y$10$eCU7lBo60uJoci8mHnJ2.OG5/76XB9FgTokqE/KRD6Nr09YsXAF2e', NULL, 'ZxkkSF8p89', '2021-06-15 11:12:08', '2021-06-15 11:12:08'),
(62, 'Zachery Hyatt', 'metz.hermina@example.org', '2021-06-15 11:12:03', '$2y$10$N6K.XkzbM1wNXZOUPXteaeCqjF2Hf9NB4LVcu0rJrTiOv7vQ6wNAC', NULL, 'NUBtwRz8vx', '2021-06-15 11:12:08', '2021-06-15 11:12:08'),
(63, 'Mr. Lorenzo Tremblay', 'estrella.bednar@example.com', '2021-06-15 11:12:03', '$2y$10$koxSj/iYLODedlEcqzr.7O6Rx8G4FHt1/b8IWWGo6BOT1x/Mh6T0u', NULL, 'AnwiTIMXxa', '2021-06-15 11:12:08', '2021-06-15 11:12:08'),
(64, 'Monique Armstrong', 'cecile90@example.net', '2021-06-15 11:12:03', '$2y$10$cQezt4/BiKfhB.wRGKERA.PUQgHw0/mX8Ra9NyJRj9tojJKuMMVP2', NULL, 'jJfscyNycO', '2021-06-15 11:12:08', '2021-06-15 11:12:08'),
(65, 'Mrs. Rozella Bartell Sr.', 'yolanda36@example.com', '2021-06-15 11:12:03', '$2y$10$qP6SyLYnZd/Ek9pojzsHKusJuecruTkyBDbRQrA.zUZ8If.BODuYG', NULL, 'E4yqvt5H6P', '2021-06-15 11:12:08', '2021-06-15 11:12:08'),
(66, 'Dr. Alayna Kunze', 'cwilliamson@example.net', '2021-06-15 11:12:03', '$2y$10$95cwIXGSodhvsjQRoHsW8Ogia8x3o3y6xbgLCdGhGKcIhPErYIa3i', NULL, 'P4TSGmZzxi', '2021-06-15 11:12:08', '2021-06-15 11:12:08'),
(67, 'Dr. Dangelo Miller II', 'ijast@example.com', '2021-06-15 11:12:03', '$2y$10$hq0R3XTukLhB/1TZ/y.yfO.WSfJpvRjrsEIcJDpvw.k5bJOi4Bo42', NULL, 'OgQ2BDObWp', '2021-06-15 11:12:08', '2021-06-15 11:12:08'),
(68, 'Prof. Waldo Douglas IV', 'ibrahim11@example.com', '2021-06-15 11:12:03', '$2y$10$Dnq8hRQ3S1hmX9A6OCAoD.3rFTdnMIDu5saHEaRSPyYy1o9znJooy', NULL, 'ktGjlaSe8l', '2021-06-15 11:12:09', '2021-06-15 11:12:09'),
(69, 'Dr. Adella Carter PhD', 'heller.karlee@example.com', '2021-06-15 11:12:03', '$2y$10$laGk2SAAqUJyyYV9W1NptOZSDBHcZQV.FE5Nip3jfAxQnYaiPJ6ay', NULL, 'nyEC3qYM50', '2021-06-15 11:12:09', '2021-06-15 11:12:09'),
(70, 'Grace Cummerata Jr.', 'tharber@example.net', '2021-06-15 11:12:03', '$2y$10$SjnX7UwsA5UF4bFfKhBxt.RDFDpldm//JNzCp81dp8VI7FDinmHJy', NULL, 'DCMeFsLhp8', '2021-06-15 11:12:09', '2021-06-15 11:12:09'),
(71, 'Louie Maggio', 'norene.considine@example.net', '2021-06-15 11:12:03', '$2y$10$HUccGhCw/rjcBxilrS.lHeh7OsWronhIBQ.WsezGJgnWdBniZ02O2', NULL, 'QsUMp7uMKg', '2021-06-15 11:12:09', '2021-06-15 11:12:09'),
(72, 'Conrad McClure', 'reichel.gregoria@example.com', '2021-06-15 11:12:03', '$2y$10$MrsUrbM8BrBGshMwTwKSBO53cKpApVizi3Aj3FlvIvNvP.yH9p/M6', NULL, 'lehDAiSNnj', '2021-06-15 11:12:09', '2021-06-15 11:12:09'),
(73, 'Jacquelyn Mayer', 'eden.schinner@example.com', '2021-06-15 11:12:03', '$2y$10$T.fghxchB8zMbIIOKfgfiuEeHHO4UsDz4MJV75fGyCr1XDZfSJ3Ry', NULL, '2hggMY6t80', '2021-06-15 11:12:09', '2021-06-15 11:12:09'),
(74, 'Linda Emmerich I', 'elody81@example.net', '2021-06-15 11:12:04', '$2y$10$Ei19V45qeFpem/JbW1H8FOMxCEn7tN4hU4jB49B8DgUNdNTpSURVy', NULL, 'JXrmWodcsc', '2021-06-15 11:12:09', '2021-06-15 11:12:09'),
(75, 'Else Hickle', 'helena65@example.com', '2021-06-15 11:12:04', '$2y$10$pRChgNKULOrmvlIM5Xh5.eDkZ9bttZiB5SDyOk66K7VFglN/edQFq', NULL, 'm7LFA9aSB7', '2021-06-15 11:12:09', '2021-06-15 11:12:09'),
(76, 'Rey Skiles', 'eileen.wisoky@example.org', '2021-06-15 11:12:04', '$2y$10$hDBwFkV1nT2r2L4DqMsuF.vDovxgH.caJbyHNIoxjxK5AN3woXo4S', NULL, 'CCEgJWMn2L', '2021-06-15 11:12:09', '2021-06-15 11:12:09'),
(77, 'Florine Huels', 'gwisozk@example.com', '2021-06-15 11:12:04', '$2y$10$h9jurUX3mcUOnUaoubq.mepQuWNbb/C.Jqo4EsFK3s3a0Qgn1kasW', NULL, 'v6NCFHxvD5', '2021-06-15 11:12:09', '2021-06-15 11:12:09'),
(78, 'Pat Donnelly Sr.', 'sward@example.org', '2021-06-15 11:12:04', '$2y$10$YWYQ3wJSOpp/eynqylx4y.FWZJOBMxQuDWsCp683iflD1Bw5bXOJ6', NULL, '96HrfCT5e5', '2021-06-15 11:12:09', '2021-06-15 11:12:09'),
(79, 'Connor Schroeder', 'harris.cristina@example.org', '2021-06-15 11:12:04', '$2y$10$QGKFe1rX1cYrDTo3qkt69e2qs5.uZUg6OnLcEpUQCHTFMIFJ7jSA.', NULL, 'f97p8QqUJa', '2021-06-15 11:12:09', '2021-06-15 11:12:09'),
(80, 'Bobby Lueilwitz', 'maudie.abernathy@example.net', '2021-06-15 11:12:04', '$2y$10$s8hsZuP9tm1E1DZrGP.tMeBzVExERGlJ7mVotSx62DIQER9nzL72W', NULL, 'GbXePUDtsO', '2021-06-15 11:12:09', '2021-06-15 11:12:09'),
(81, 'Macie Dicki DDS', 'streich.katelin@example.com', '2021-06-15 11:12:04', '$2y$10$J8D0GvD8db1rFBJUrCdX5Osv/SaiNMD3tC0gL2pwNbvc1iv/AW94e', NULL, 'm8A35PuGLY', '2021-06-15 11:12:09', '2021-06-15 11:12:09'),
(82, 'Eleanore Rath', 'lily.hayes@example.org', '2021-06-15 11:12:04', '$2y$10$uwKnD84H175UG49Xo401R.W7vAFY7BDsQzAa0HOA21.1nBH68FSKC', NULL, 'zlloTLzVdk', '2021-06-15 11:12:09', '2021-06-15 11:12:09'),
(83, 'Amiya Rempel', 'goconner@example.net', '2021-06-15 11:12:04', '$2y$10$cRU3JhUKhisLX/g8eZ2QneOwDA4wlZYjApDoA3S6.Q1I7gzzTUZa6', NULL, 'vNctyGqdE9', '2021-06-15 11:12:09', '2021-06-15 11:12:09'),
(84, 'Ralph Smitham', 'ratke.misael@example.com', '2021-06-15 11:12:04', '$2y$10$hUldw/CUMSHjo7HC5WjXgO688W.YjMallogpZ6uyncUmo0jSE876u', NULL, 'ghyifhAERm', '2021-06-15 11:12:09', '2021-06-15 11:12:09'),
(85, 'Ms. Adele Boyer', 'kaela17@example.com', '2021-06-15 11:12:05', '$2y$10$KfZ6cuUR7iLOFIDxkWukV.HZeMfUNPnEUOacdGwP0WT3q4pnOpD6.', NULL, 'oR2VSQeN3F', '2021-06-15 11:12:09', '2021-06-15 11:12:09'),
(86, 'Keely Kub', 'dee86@example.org', '2021-06-15 11:12:05', '$2y$10$KTgfYQkhFM0mcQOAwoW52.4R9aEqFod9KapdVSADL8VjnC1GmW4UW', NULL, '1syT2xvRPP', '2021-06-15 11:12:09', '2021-06-15 11:12:09'),
(87, 'Mr. Jaylon Osinski DVM', 'ena.barrows@example.org', '2021-06-15 11:12:05', '$2y$10$2/PY8BLbc/sYBhS4tNPDPO2HX2SP6oa/6uR57cVjK7thKiXgHOhJi', NULL, '9UvTRBEIZS', '2021-06-15 11:12:09', '2021-06-15 11:12:09'),
(88, 'Michel Dach', 'justus92@example.com', '2021-06-15 11:12:05', '$2y$10$1JqOTGHNEHxqxo4FUM728OaUqbAWGrD3UGRalWioe/mu04PWuiDnq', NULL, 'egH7p6DZxG', '2021-06-15 11:12:09', '2021-06-15 11:12:09'),
(89, 'Miguel Klocko', 'narciso74@example.org', '2021-06-15 11:12:05', '$2y$10$qlP3CA3s2HBfw2VEbJz8FuQOI/.i8c2FxslSpq1k4eO2c7eSq/ZTC', NULL, '6PgdwF6MGn', '2021-06-15 11:12:09', '2021-06-15 11:12:09'),
(90, 'Kyle Wisoky', 'shermann@example.org', '2021-06-15 11:12:05', '$2y$10$ZzayBRotTFknskJups3h1uFbN/lTP.veiT9nQ1UD2wSf.2RGCRsMe', NULL, 'NHoFFwEsJK', '2021-06-15 11:12:09', '2021-06-15 11:12:09'),
(91, 'Alana Witting', 'fmoore@example.com', '2021-06-15 11:12:05', '$2y$10$zeN81YypAWYqfLGc5qvbKu//xSIfjM8XWGiF5s3ALw35kUKDYkIPC', NULL, 'WoPDEcShza', '2021-06-15 11:12:09', '2021-06-15 11:12:09'),
(92, 'Margarett Abshire', 'dell.keeling@example.com', '2021-06-15 11:12:05', '$2y$10$OueeiI.zPYvN4uF2hhMukOjiWR0j/TQ1eAd.V0O/vzxIAM2c5Bq6y', NULL, 'miB1lpBoNx', '2021-06-15 11:12:09', '2021-06-15 11:12:09'),
(93, 'Dr. Antonio Gaylord DVM', 'ctoy@example.com', '2021-06-15 11:12:05', '$2y$10$R5jXQw4tfgtmQsDsLeYy9OcI2C.zheqM.sLQpTt8h5wuLm8hdLgjq', NULL, 'QtugDpU3B3', '2021-06-15 11:12:09', '2021-06-15 11:12:09'),
(94, 'Mrs. Sunny Prohaska Sr.', 'willms.willie@example.org', '2021-06-15 11:12:05', '$2y$10$AGcGKr.uKikMe6ZAlFepUurBTnm9fGSZVUcWxldGVlG9rQ4cH.vOe', NULL, 'pJTLgrwnE5', '2021-06-15 11:12:10', '2021-06-15 11:12:10'),
(95, 'Telly Kuphal', 'aimee42@example.com', '2021-06-15 11:12:05', '$2y$10$YmMcHinJLt0t4rAUAzfitemzQswTnZ8ljOgr4oekl6uUyL5lyA2WG', NULL, 'roI7l1Oxfl', '2021-06-15 11:12:10', '2021-06-15 11:12:10'),
(96, 'Dr. Libbie Konopelski', 'tkeeling@example.org', '2021-06-15 11:12:05', '$2y$10$umPMz95Klu1r3TFeoTclwu0glfhXtwTRgw5KTsSaAXvXEn9iNJ.6y', NULL, '9uvaSxwdmn', '2021-06-15 11:12:10', '2021-06-15 11:12:10'),
(97, 'Jermey Mohr', 'santos.stoltenberg@example.net', '2021-06-15 11:12:06', '$2y$10$ErtGFTxsXJiwDP0/wN.ikeRnfwc16ZhOE5sLfFdlcYJXNXcwyJuPO', NULL, 'S9tVYBH8A6', '2021-06-15 11:12:10', '2021-06-15 11:12:10'),
(98, 'Adrianna O\'Hara V', 'antonio29@example.net', '2021-06-15 11:12:06', '$2y$10$GcpQZEWdbGggFBduY7gFwOfDWWs.3NpE/ORbb3H3HgTnEbsI5ajBO', NULL, 'tOBc0MticE', '2021-06-15 11:12:10', '2021-06-15 11:12:10'),
(99, 'Mrs. Glenna Satterfield DVM', 'christopher62@example.net', '2021-06-15 11:12:06', '$2y$10$utrCeWnKMZfRPKgl/nPfb.Qsc7ApDu4wKJfEEd7/y/aCJuVtDo4C2', NULL, 'ruVHJcj7y3', '2021-06-15 11:12:10', '2021-06-15 11:12:10'),
(100, 'Kiera Ebert', 'ymann@example.net', '2021-06-15 11:12:06', '$2y$10$JBIIdw6WZJGw3o0vkdRVVeZZEiKemWLI4XjHZJS7ER0ek1sKcsJ8O', NULL, 'BHZVw67wBt', '2021-06-15 11:12:10', '2021-06-15 11:12:10'),
(101, 'Miss Estelle Jast IV', 'kip73@example.com', '2021-06-15 11:12:29', '$2y$10$RyS5MNgHBaB1HBz.xyJpA.7hg45LwABTO2WT.STswVxZWUQOSWpse', NULL, 'FnLHnhuByd', '2021-06-15 11:12:37', '2021-06-15 11:12:37'),
(102, 'Mr. Reid Ryan', 'cassidy.dickinson@example.com', '2021-06-15 11:12:29', '$2y$10$kquAaGDXwH7Cp48cj1SH6OsI4kTufFqxb.f8021Ehz82.KuUeq5iS', NULL, '0oZTVrcpi3', '2021-06-15 11:12:37', '2021-06-15 11:12:37'),
(103, 'Myrna Pacocha', 'cortney28@example.com', '2021-06-15 11:12:29', '$2y$10$S7eds2kRshW4Qm/BX/J6R.tSAYeILn.HE1DvjjC3Kwt8mKyc7Pa6W', NULL, 'AU0i8h5dFB', '2021-06-15 11:12:37', '2021-06-15 11:12:37'),
(104, 'Columbus Lang', 'bsawayn@example.com', '2021-06-15 11:12:29', '$2y$10$SMe5bVQ1Rc30u1pCoY6JIuJcgVaeNanJKnxg.gJbFVRbe8il6kUdy', NULL, 'tJZ4uGori8', '2021-06-15 11:12:37', '2021-06-15 11:12:37'),
(105, 'Geovanny Crooks Sr.', 'alva.kris@example.org', '2021-06-15 11:12:29', '$2y$10$OliI1KVpc3mBvqBVVILe4OXFAbapG6bIl0fLjrDhcp36sDbu89nAq', NULL, 'MI7mJlxlbG', '2021-06-15 11:12:37', '2021-06-15 11:12:37'),
(106, 'Prof. Jerod Harvey III', 'rahul.predovic@example.net', '2021-06-15 11:12:29', '$2y$10$vDdWd9j4i7B5eZkQsmjOG.l.3tc5ruSK1mAFHTERoWdJ1rUh4a3MS', NULL, 'JD6IsmTeBl', '2021-06-15 11:12:37', '2021-06-15 11:12:37'),
(107, 'Dr. Janiya Haley IV', 'carlos61@example.com', '2021-06-15 11:12:29', '$2y$10$VqmmZUeYeuVkEI2v/NR6cOYNR0jO0XcDSIr2rM2ak2yOFPVFMWBha', NULL, 'DPVDbNfktV', '2021-06-15 11:12:37', '2021-06-15 11:12:37'),
(108, 'Bernhard Aufderhar', 'ayden.gutmann@example.com', '2021-06-15 11:12:29', '$2y$10$139gsJntnRP/ssE85uGWSe39AvRft0/xKQTR5D6venI4eFbx4Gof.', NULL, 'xZquIkqaPt', '2021-06-15 11:12:37', '2021-06-15 11:12:37'),
(109, 'Trevion Howe', 'braeden.vonrueden@example.org', '2021-06-15 11:12:29', '$2y$10$4eG48GEyFMkXmtEneuHXvu3IWSXXvHOIZL78NFqQBDiChtTuY4LMy', NULL, 'S9QdUHokb5', '2021-06-15 11:12:37', '2021-06-15 11:12:37'),
(110, 'Clementine Spinka', 'marvin.margarett@example.net', '2021-06-15 11:12:30', '$2y$10$0vWcLqyUrlwvLq7YF3e3POW1lKMUSk4jOeVRdYAvlffw14FgxcFyq', NULL, 'kW5HJkTyXL', '2021-06-15 11:12:37', '2021-06-15 11:12:37'),
(111, 'Dr. Jaron Hermann', 'wyman72@example.org', '2021-06-15 11:12:30', '$2y$10$kZRfJi5UlQfNBGXJCMDwGuu45/pjioL.eGLXhaOMtuo/HvtqTN3Tq', NULL, 'HH34UJMAp8', '2021-06-15 11:12:37', '2021-06-15 11:12:37'),
(112, 'Estefania Kunze II', 'verdie.wehner@example.org', '2021-06-15 11:12:30', '$2y$10$VKFvaX9iA6Z0jJk/CcHX9.8WZw21HIUSSa03n.ZVukYd3/IoxRABy', NULL, 'SrtMaNwxFv', '2021-06-15 11:12:37', '2021-06-15 11:12:37'),
(113, 'Ms. Libby Mann Sr.', 'kianna25@example.org', '2021-06-15 11:12:30', '$2y$10$oMYsyjtxUKHPClzOALy65exyHAATbAQ9RlcmxfSL.yekVod6mTF2S', NULL, 'SH2c9IHDmD', '2021-06-15 11:12:37', '2021-06-15 11:12:37'),
(114, 'Britney Murazik', 'fdietrich@example.com', '2021-06-15 11:12:30', '$2y$10$iEtesNUC/u6xS5Iqc71fmeauTElgs6Bjb0YJxxoWugwDrmi3ZqC06', NULL, 'qonH0aK3ZB', '2021-06-15 11:12:37', '2021-06-15 11:12:37'),
(115, 'Benny Mills', 'jocelyn76@example.org', '2021-06-15 11:12:30', '$2y$10$Ib29fM6Y1V/UNPy6IbfKXO1JmpxtJCAUs8063asEQKknrCiQ6rjca', NULL, '1XQ9Lix9JC', '2021-06-15 11:12:37', '2021-06-15 11:12:37'),
(116, 'Claudine Bashirian', 'delaney.lemke@example.net', '2021-06-15 11:12:30', '$2y$10$/lvdiSAlAWv9tmzmM0TIQ.3cO1wMllB5rBxUkjmKnek/jH./N1/Ke', NULL, 'q7aa8zTG9n', '2021-06-15 11:12:37', '2021-06-15 11:12:37'),
(117, 'Maribel Ward', 'jaiden.flatley@example.org', '2021-06-15 11:12:30', '$2y$10$PYzm3meBZngXlB3EcwAUgOftuqxO559KYhTJzVr/RhROwNlFT2T6G', NULL, 'OU6E4J5yJu', '2021-06-15 11:12:37', '2021-06-15 11:12:37'),
(118, 'Ms. Corine Metz DDS', 'damore.dasia@example.net', '2021-06-15 11:12:30', '$2y$10$j40IdZA6QwicO0zcehwL5.jQ9uTlC5VK/1rpIio.ZHz/8ln.gMq7y', NULL, 'ttv5ZkeBVy', '2021-06-15 11:12:37', '2021-06-15 11:12:37'),
(119, 'Lexie Prohaska', 'wendell81@example.org', '2021-06-15 11:12:30', '$2y$10$Xg3RGl05/OyvDRdHpx84AegtqBm0PPVyqFchlHS6u9jmrtrbxcYDq', NULL, 'a0YFmcCFZW', '2021-06-15 11:12:37', '2021-06-15 11:12:37'),
(120, 'Alivia Weimann', 'rubie91@example.net', '2021-06-15 11:12:30', '$2y$10$yDVo/4ov6OLKkHDXusyA3euNTvCHZZAvWLVGAShsxztYqESssrhkO', NULL, 'xVfaSOCwVH', '2021-06-15 11:12:37', '2021-06-15 11:12:37'),
(121, 'Johann Gusikowski', 'willms.rylan@example.com', '2021-06-15 11:12:30', '$2y$10$qZ2ey6BtiuIGx3MTbrDv.OVk79JYa20doDyQPEUhxLLASD.z9K6yK', NULL, 'TLyDYkmxYf', '2021-06-15 11:12:37', '2021-06-15 11:12:37'),
(122, 'Mayra Lakin', 'gisselle.bogan@example.org', '2021-06-15 11:12:30', '$2y$10$U2lzypUQt2uJiClEhFzHqeVSzJT65a6W2aooSk1Zw0//5r.tC.EXi', NULL, 'z4NGChqj2K', '2021-06-15 11:12:37', '2021-06-15 11:12:37'),
(123, 'Lempi Heaney', 'maximilian13@example.org', '2021-06-15 11:12:31', '$2y$10$ujJ6ObHu5WnKWk3st4JZzOE1Y/EMQDZYeszHDl8L44Rmes3M6F4oW', NULL, 'ql24X4tcEH', '2021-06-15 11:12:37', '2021-06-15 11:12:37'),
(124, 'Raven Jakubowski', 'iconsidine@example.org', '2021-06-15 11:12:31', '$2y$10$icEHMXg53MULkGKLIu2iVuf11COtpQWXoH56wXKZCF5SdVxUHu0S6', NULL, 'wBVNekIVqM', '2021-06-15 11:12:37', '2021-06-15 11:12:37'),
(125, 'Ari Stracke', 'vschaden@example.org', '2021-06-15 11:12:31', '$2y$10$IR9tZhxumtgjLwrB05/dJuJGHyoBpUnM5uozCK.PaG1LyvRhrREoW', NULL, 'HcDhACB5LT', '2021-06-15 11:12:37', '2021-06-15 11:12:37'),
(126, 'Mr. Stanley Beahan DDS', 'becker.francesco@example.org', '2021-06-15 11:12:31', '$2y$10$DC0I72Ma/eivlwYRhkZOWevNJl2YHggYyfn7klAGAa4o5FiSeF9rO', NULL, 'FKOl8nSoBH', '2021-06-15 11:12:37', '2021-06-15 11:12:37'),
(127, 'Dr. Manuel Frami', 'fbrekke@example.com', '2021-06-15 11:12:31', '$2y$10$ykM5a5xvAbNRQHMVWeABCOmbG/gp2nO9Y98prcuZe7Rf4j.h/CELi', NULL, 'jw9DhNeJ3T', '2021-06-15 11:12:37', '2021-06-15 11:12:37'),
(128, 'Deion Walker', 'tparker@example.net', '2021-06-15 11:12:31', '$2y$10$KRtWFnsrQemof/GBANWEC.rwBF2eHp/c/XlCPOA1H7Z9kvSpMQuqO', NULL, 'VIARhEXFZo', '2021-06-15 11:12:38', '2021-06-15 11:12:38'),
(129, 'Maye Fisher', 'yortiz@example.net', '2021-06-15 11:12:31', '$2y$10$7k3.zo6wBPRS/y31pUPVYeoeN0YOwcEMFBXSaHVUOxdD1TADk8M72', NULL, 'g6VkrfoUvD', '2021-06-15 11:12:38', '2021-06-15 11:12:38'),
(130, 'Markus King', 'harris.wendell@example.org', '2021-06-15 11:12:31', '$2y$10$tOcfFPy4UR7Q6WCScmw2Tes4bCSFS7dVfuYe0TkPcj21BQDrrujr6', NULL, 'yABR8BY65w', '2021-06-15 11:12:38', '2021-06-15 11:12:38'),
(131, 'Miss Mikayla Kilback DDS', 'gudrun.cruickshank@example.net', '2021-06-15 11:12:31', '$2y$10$GrVXwJiWEbL7m43Rw5nZy./GQdTieiVtfkhvGbVeuB5vXybaYm2Xm', NULL, 'xvpClWwEvi', '2021-06-15 11:12:38', '2021-06-15 11:12:38'),
(132, 'Dock Haag', 'tschmitt@example.org', '2021-06-15 11:12:31', '$2y$10$xSEpHDxxNIvhHKbqK2P/MuCgodGRc.vhh8fltj7hhGUdmXBQ53yiC', NULL, 'lOTBFDE1Wr', '2021-06-15 11:12:38', '2021-06-15 11:12:38'),
(133, 'Christophe Greenholt', 'jevon.block@example.net', '2021-06-15 11:12:31', '$2y$10$gAoz7QgOMYC.P9dDitzEPeI/q5FaE73l4WacF1Fq8ty1n5rv/d0L2', NULL, 'TryAc0c5Mt', '2021-06-15 11:12:38', '2021-06-15 11:12:38'),
(134, 'Theresia Luettgen', 'ivah.gaylord@example.net', '2021-06-15 11:12:31', '$2y$10$floQkOS9Z41iQDjdCXsPTeeA6zp1ovL6NVC0Ww8yIC5st52p8Yhou', NULL, 'bAUe2rvaJz', '2021-06-15 11:12:38', '2021-06-15 11:12:38'),
(135, 'Berta Waters V', 'cwill@example.org', '2021-06-15 11:12:31', '$2y$10$6J.gr5ewY32vp.53amEwT.dmCjVNuyxsZ/faMCHe1/mm3I10VAypi', NULL, 'SyzgNsPrg2', '2021-06-15 11:12:38', '2021-06-15 11:12:38'),
(136, 'Blanche Klein I', 'ehilpert@example.org', '2021-06-15 11:12:32', '$2y$10$STAh81ryREeQ0GM7ig0bE.vC2YnOHotLCDGBnvn5Ig6/y33DX33C6', NULL, '3lzraruoXl', '2021-06-15 11:12:38', '2021-06-15 11:12:38'),
(137, 'Grover Swaniawski DVM', 'brad.torphy@example.net', '2021-06-15 11:12:32', '$2y$10$67WqDAzkbZe2SWlJX3tXeOy0GtlrKQPT8zKOdVfKIV3dIIXv/UsoC', NULL, 'gvJeNYmgM8', '2021-06-15 11:12:38', '2021-06-15 11:12:38'),
(138, 'Athena Schiller', 'dach.noah@example.com', '2021-06-15 11:12:32', '$2y$10$8w/RbOcRKASnJ1tuTnK7v.j.nZj.kSFAsAQpWc.alMbPx1/P5B1iK', NULL, '1UpQOhitrk', '2021-06-15 11:12:38', '2021-06-15 11:12:38'),
(139, 'Mrs. Aniya Deckow', 'ritchie.kaycee@example.net', '2021-06-15 11:12:32', '$2y$10$ZsjySscgeIXjrabbzCPiXewYbN1212zW/J65Qr6e5GMVg6tbroise', NULL, 'E3us6dmnlA', '2021-06-15 11:12:38', '2021-06-15 11:12:38'),
(140, 'Ms. Holly Schultz DDS', 'oeichmann@example.org', '2021-06-15 11:12:32', '$2y$10$1hg5tXv/Jp51bZf/gRmpC.cxrXVDo0xOP5GT4w22nOvgyFKlxTZ2.', NULL, '0AxHBaFFty', '2021-06-15 11:12:38', '2021-06-15 11:12:38'),
(141, 'Jesus Maggio', 'ebony45@example.net', '2021-06-15 11:12:32', '$2y$10$PqdeiH8zEamlBOr3sbnoEOIHytsHbNHhcvL1opcoGJOvSHJqPq.eC', NULL, '3fPmr47RcA', '2021-06-15 11:12:38', '2021-06-15 11:12:38'),
(142, 'Flossie Rutherford', 'herman93@example.net', '2021-06-15 11:12:32', '$2y$10$gbTqbpcvZL2Prk6bllrf1uw6AFalCiiw88LiDhaQMeb1EoRKqaXey', NULL, 'LqqDwGCcQP', '2021-06-15 11:12:38', '2021-06-15 11:12:38'),
(143, 'Tanya O\'Hara', 'tking@example.com', '2021-06-15 11:12:32', '$2y$10$mK0B33GAQzoCxe2OuJb.keg2Paer5mfzmYh8MZodux7/SYK7yHJca', NULL, '5uKQ5VDMXa', '2021-06-15 11:12:38', '2021-06-15 11:12:38'),
(144, 'Ashleigh Weimann', 'watsica.jennyfer@example.net', '2021-06-15 11:12:32', '$2y$10$emZROrtok3t5vR0a6xq/fOvNZWI8AUUpolD3hO5xfF49QmXM2/j/m', NULL, 'vrT3zVOosj', '2021-06-15 11:12:38', '2021-06-15 11:12:38'),
(145, 'Javon Orn', 'eve57@example.net', '2021-06-15 11:12:32', '$2y$10$h4Lt/V06KY39KS5JhWr/s.vNep5KXTew/8wLnvWAAUaP0GnYGQ/WW', NULL, 'FYTr18RJQG', '2021-06-15 11:12:38', '2021-06-15 11:12:38'),
(146, 'Macey Auer', 'olin09@example.org', '2021-06-15 11:12:32', '$2y$10$e6Kgg4Ndr5hIEYZj/L8N6ej2xZhvQZK63/VQfYJmAh9xSBRHTatLu', NULL, 'uQcLhBMkmI', '2021-06-15 11:12:38', '2021-06-15 11:12:38'),
(147, 'Bella Brakus DVM', 'padberg.loy@example.net', '2021-06-15 11:12:32', '$2y$10$o5Oc6KZMTt6vx3AXGQtuAud69U5UEhS3pYdfsB6IvGpSCgtCQz5WO', NULL, 'L0Jt4LvYre', '2021-06-15 11:12:38', '2021-06-15 11:12:38'),
(148, 'Dr. Arnulfo Lynch', 'towne.brandyn@example.com', '2021-06-15 11:12:32', '$2y$10$Ayu8dYrJ8Ss1Xmz8WPi3kOV8uBjGt5w/CHDyBZkTfRIGHImJ6KSdu', NULL, 'RSYKeHLjO4', '2021-06-15 11:12:38', '2021-06-15 11:12:38'),
(149, 'Dr. Lexus Crona V', 'lavonne.bahringer@example.org', '2021-06-15 11:12:32', '$2y$10$XzudZi5dWc7KrTqp/g6O8u3QLzWNcQyQbg9tuCj6SwGCBrvewQs.i', NULL, 'yG0ugFIjcB', '2021-06-15 11:12:38', '2021-06-15 11:12:38'),
(150, 'Ceasar Mante', 'gislason.ned@example.net', '2021-06-15 11:12:33', '$2y$10$W5ZFStOUxczkF28XEoCXSeK9Q7JStgLWnRY0gP9Rk4TrKChbQCblW', NULL, 'rKqxiyLeBr', '2021-06-15 11:12:38', '2021-06-15 11:12:38'),
(151, 'Mrs. Enola Sporer II', 'mayer.alverta@example.net', '2021-06-15 11:12:33', '$2y$10$9sEn29Rlec4zlfW9a3BajeR4ywtVXi3SDYIezSIdF7ng1hJmvHutK', NULL, 'ocDIBbbMPf', '2021-06-15 11:12:38', '2021-06-15 11:12:38'),
(152, 'Mr. Ramiro Wuckert I', 'blair70@example.com', '2021-06-15 11:12:33', '$2y$10$mo9NTvH.era9AlybFq6fkuMO.uZS0eczMAGVIsm1J5mIG1zwCzQES', NULL, 'spufjMlgoV', '2021-06-15 11:12:38', '2021-06-15 11:12:38'),
(153, 'Mr. Alejandrin Boyer', 'bechtelar.sonia@example.com', '2021-06-15 11:12:33', '$2y$10$mojU6ngxgfD55coLM52Couqav0Qo2hLJ3LxufPhKjsEzP/YqhXY9y', NULL, 'MhvebGtZLs', '2021-06-15 11:12:38', '2021-06-15 11:12:38'),
(154, 'Jamey Tromp', 'brisa.block@example.org', '2021-06-15 11:12:33', '$2y$10$4Ac8u9Wo5JIg7R/ht0nXTevehV2G42oBoOuYckAIbIUakL1VRTi/6', NULL, 'ksqxAeB0O2', '2021-06-15 11:12:39', '2021-06-15 11:12:39'),
(155, 'Hassie Anderson Sr.', 'paucek.mallie@example.org', '2021-06-15 11:12:33', '$2y$10$m1GE5dY4ikVBu39NCgilQul80wloWgK8CNg5Q9UQppZPUYbWAWdGm', NULL, 'akGFM49utF', '2021-06-15 11:12:39', '2021-06-15 11:12:39'),
(156, 'Garland Will', 'vicente.ohara@example.org', '2021-06-15 11:12:33', '$2y$10$IcQJ9fSSxuJSB3Qx/uhp2edzuvF7NzQ7FO.iW6yqsm4FVQro.1ktq', NULL, '9k5P3bTuUg', '2021-06-15 11:12:39', '2021-06-15 11:12:39'),
(157, 'Domenica Dooley', 'ymurazik@example.net', '2021-06-15 11:12:33', '$2y$10$yCjVH6MVNyDWN1mzPKPlweSlmQAhJYTBByVSc6QUsSqd5Wa.eo4/e', NULL, 'UdmTyxl1pz', '2021-06-15 11:12:39', '2021-06-15 11:12:39'),
(158, 'Brian Huel', 'mekhi00@example.org', '2021-06-15 11:12:33', '$2y$10$n/0ZOU9.NPf.NY/s2xDFReUH/d51dxpIErOWE3ankQjtJa7GhrpX.', NULL, 'vz2SYHSzSu', '2021-06-15 11:12:39', '2021-06-15 11:12:39'),
(159, 'Susan Watsica', 'dominic14@example.net', '2021-06-15 11:12:33', '$2y$10$phZJxeTCKhPV1u39TXUWCuGvtbaRdilOfumEA0YyC2mVbQEvKT0RK', NULL, '78784O1UsG', '2021-06-15 11:12:39', '2021-06-15 11:12:39'),
(160, 'Dr. Kaley Corkery', 'violette86@example.net', '2021-06-15 11:12:33', '$2y$10$F4BDfQI2GOr2/f.9I7zrzeeoqS/a6cTTP655PBxRju5qE2Ys4ncQu', NULL, 'PWrq8H7IrI', '2021-06-15 11:12:39', '2021-06-15 11:12:39'),
(161, 'Prof. Sage Emard', 'frances.windler@example.org', '2021-06-15 11:12:33', '$2y$10$9fcT8RFBCelzI9OfcCY/V.jmN6OFSR7xwbZcigeugCS3Fh2rRKUoq', NULL, 'mxBKLsyA9d', '2021-06-15 11:12:39', '2021-06-15 11:12:39'),
(162, 'Katrina Hilpert', 'kim.hintz@example.net', '2021-06-15 11:12:34', '$2y$10$cxUnENu5DtqK5XXsiy/PnO08XxBCp5.krfLTI.P/G6X9/kT/0wTR2', NULL, 'pYaAoIGzhc', '2021-06-15 11:12:39', '2021-06-15 11:12:39'),
(163, 'Mr. Wilfred Durgan', 'bartoletti.cory@example.net', '2021-06-15 11:12:34', '$2y$10$6N6uS7TrVBTkST1SHD3Bb.vLyaBPrbJrUWLhAisxnMBshsN20YJ/y', NULL, 'pv9phfPXc0', '2021-06-15 11:12:39', '2021-06-15 11:12:39'),
(164, 'Miss Vanessa Gutmann', 'vaughn.nikolaus@example.org', '2021-06-15 11:12:34', '$2y$10$idlT62520RmNk/2QhB9YV.u4DxE/TJ.kjkmOkNfed/rglP4giChby', NULL, 'JINfAwUlnh', '2021-06-15 11:12:39', '2021-06-15 11:12:39'),
(165, 'Lavonne Wolff', 'bianka.reichel@example.com', '2021-06-15 11:12:34', '$2y$10$4zP0zxAZHh5cLmUK0K3AoeRqm7eUeE5Hj8a8uR9sQtV/J3mX30KW.', NULL, '5tx0UGtYRt', '2021-06-15 11:12:39', '2021-06-15 11:12:39'),
(166, 'Madie McDermott', 'vvolkman@example.com', '2021-06-15 11:12:34', '$2y$10$CNLLAJ/NcBJxCis9YfphjuKGb5Urzy3MwJZse.B109cO86t5oA6Fe', NULL, '7mjCR5W9sc', '2021-06-15 11:12:39', '2021-06-15 11:12:39'),
(167, 'Prof. Collin Schaefer DDS', 'schulist.roselyn@example.com', '2021-06-15 11:12:34', '$2y$10$hByy8gUVrU8X4SQkVAJ1zelsT4I.QQmWjgXSVegOHYJkvPYjwXxcO', NULL, 'vmiPxOC6SH', '2021-06-15 11:12:39', '2021-06-15 11:12:39'),
(168, 'Mrs. Genevieve Senger', 'scarlett95@example.org', '2021-06-15 11:12:34', '$2y$10$OwqzbNtpWk4Tzei4TQibJuyXkHf4BoCS33gXT4sTBl.uDp5ap1RH6', NULL, 'nXCQOTGhi8', '2021-06-15 11:12:39', '2021-06-15 11:12:39'),
(169, 'Jordy Kozey', 'frami.fay@example.org', '2021-06-15 11:12:34', '$2y$10$dD2cDJoq79/cGZhd.UZ51Ov8rYKBPJz0Q5SnPmrBUyGAOyVjkArQy', NULL, 'SjxuBSR3q3', '2021-06-15 11:12:39', '2021-06-15 11:12:39'),
(170, 'Savanna Macejkovic', 'stephany34@example.org', '2021-06-15 11:12:34', '$2y$10$1kAMW4h.OcQxemZ5XvC8HuZ6j6l2iBS8owwb1155haIspd5pDoum.', NULL, 'NDIzytmv74', '2021-06-15 11:12:39', '2021-06-15 11:12:39'),
(171, 'Alyson Krajcik', 'israel31@example.org', '2021-06-15 11:12:34', '$2y$10$AKwrd2bf7Rhl4u6yVExQz.uuiHhbKoL9BqDXztpDr3Qc5fbDWzQKe', NULL, 'wz2oFkS0nm', '2021-06-15 11:12:39', '2021-06-15 11:12:39'),
(172, 'Prof. Wilburn Halvorson Jr.', 'adietrich@example.net', '2021-06-15 11:12:34', '$2y$10$RyQBINOWTr3ed8CHCoYpaeRIy.ab7va7m0rklJ/llWPJVdFY8RDWC', NULL, 'cks2aqDlJH', '2021-06-15 11:12:39', '2021-06-15 11:12:39'),
(173, 'Fiona Corwin III', 'sflatley@example.com', '2021-06-15 11:12:34', '$2y$10$FQzCYRiUnSvIoRSB1PQg5eaeO82nVp9jYQ2Vzljon/PJAr4ytnD62', NULL, 'EFiVyq7ZRe', '2021-06-15 11:12:39', '2021-06-15 11:12:39'),
(174, 'Ena Sipes I', 'jskiles@example.org', '2021-06-15 11:12:34', '$2y$10$E.sfSs.rZ9kNMsl7h7xRrOX9U5Us8fZvCmw72/myMc53603bjOhfy', NULL, 'K7jvu9Oa6A', '2021-06-15 11:12:39', '2021-06-15 11:12:39'),
(175, 'Nathen Stanton', 'udonnelly@example.com', '2021-06-15 11:12:35', '$2y$10$nXxbURKhsmbwV.6ucN2nh.oQxgqlNFRiJkEbT.DLEHpj/d8jvGjHC', NULL, 'WDx0alyPCc', '2021-06-15 11:12:39', '2021-06-15 11:12:39'),
(176, 'Prof. Nathanael Bayer MD', 'adelia.west@example.net', '2021-06-15 11:12:35', '$2y$10$06OEinVftddWLgntjYhheeNQhsdtX6.i/hpP.wDn/Fyx5mNhoqb7a', NULL, 'JjtUZ2yznf', '2021-06-15 11:12:39', '2021-06-15 11:12:39'),
(177, 'Fletcher Rolfson', 'phessel@example.org', '2021-06-15 11:12:35', '$2y$10$xpyi6vAb.spWeozb7zDMk.1j2SvgBToZnCRoTiufDYbxS.uiuMsFi', NULL, 'THuiRzV1zP', '2021-06-15 11:12:39', '2021-06-15 11:12:39'),
(178, 'Maiya Thiel', 'elegros@example.org', '2021-06-15 11:12:35', '$2y$10$fKLCQu5i7C2QxekSUGPYOeEXZu6csUKtWCzJ2NYzlC7J1O7ikU.pq', NULL, 'k1xloomkVj', '2021-06-15 11:12:39', '2021-06-15 11:12:39'),
(179, 'Jerad Wuckert', 'lesch.tillman@example.org', '2021-06-15 11:12:35', '$2y$10$HdyGaxUCYzGeQhriFthNoeiqkWIUK93V6N3Xk5o5h/6SUsMCC04ue', NULL, 'OpOjTD4to3', '2021-06-15 11:12:39', '2021-06-15 11:12:39'),
(180, 'Mr. Ken Ondricka I', 'uwaters@example.net', '2021-06-15 11:12:35', '$2y$10$kikvmUbZ7pJHMPrl4cCNJ.HmGbmyWJhNJ5bZJWwojpitCOxFnRN7S', NULL, '4mlfNDMP7d', '2021-06-15 11:12:39', '2021-06-15 11:12:39'),
(181, 'Celine Kunze', 'vhudson@example.org', '2021-06-15 11:12:35', '$2y$10$x.WCsUNNIAnYA65vGNBUQuT0Qv0jcqMG6MiAYZIuPl7gqogRYa2kS', NULL, 'pMK12F4MII', '2021-06-15 11:12:40', '2021-06-15 11:12:40'),
(182, 'Prof. Eli Smitham DDS', 'sandy65@example.net', '2021-06-15 11:12:35', '$2y$10$cqo1Dr3EP0e77R/5mjvK1ex8HebAkvCHjJ1yyIuNmA/ZxyD64Y0y.', NULL, 'mwdAVC6lxp', '2021-06-15 11:12:40', '2021-06-15 11:12:40'),
(183, 'Mohamed Bernier', 'wintheiser.orland@example.net', '2021-06-15 11:12:35', '$2y$10$quo5RufuDTAFm4XQyL5Np.xYmBaCeK26fBMSnQ.qDsJ3jK8jQGwgO', NULL, 'U6U4Jrh6gf', '2021-06-15 11:12:40', '2021-06-15 11:12:40'),
(184, 'Dr. Maudie Wyman', 'samir.strosin@example.org', '2021-06-15 11:12:35', '$2y$10$6Lpr5bcibxGLsZTc3ox7feXR.U4skkkmgm3lTYy4mBK9NH3FEtksK', NULL, 'ddfEa16EX2', '2021-06-15 11:12:40', '2021-06-15 11:12:40'),
(185, 'Dale Walker III', 'zrunolfsson@example.com', '2021-06-15 11:12:35', '$2y$10$h9MCMVeVCvOz.urUFy3ub.pwa01lvLj5mkPFecOB3wkV2lnfej9wy', NULL, 'u6Do83OMQY', '2021-06-15 11:12:40', '2021-06-15 11:12:40'),
(186, 'Montana Stanton', 'mack29@example.com', '2021-06-15 11:12:35', '$2y$10$sd4dvVXwymMcNBS3IGQiq.SbMDz3XTlmhOfqZIQismJfZhTGbkhBa', NULL, '2KNAssGQcM', '2021-06-15 11:12:40', '2021-06-15 11:12:40'),
(187, 'Alia Hane', 'ferry.aubree@example.org', '2021-06-15 11:12:35', '$2y$10$lDSmA2ZhIyFw0QY0D5YVt.KKtDJFH1151aDOhYhxKhr6eEIVViv8u', NULL, 'qyqIiBJIbp', '2021-06-15 11:12:40', '2021-06-15 11:12:40'),
(188, 'Charity Fay', 'mertz.shana@example.com', '2021-06-15 11:12:35', '$2y$10$0J2ff.x3kxMYJvVfjandN.XOQr0uZ/01dl2f54JSZxIj0EdgtGdzO', NULL, 'cUc98TkRn4', '2021-06-15 11:12:40', '2021-06-15 11:12:40'),
(189, 'Jazlyn Johnston', 'keagan70@example.com', '2021-06-15 11:12:36', '$2y$10$5h1SYf/87mkDGzoWEGtnVehnKSZwp0DroprBRLg9z1b8uxLkKsZGq', NULL, 'MkJ8bzDs4Y', '2021-06-15 11:12:40', '2021-06-15 11:12:40'),
(190, 'Magdalen Bosco', 'vfadel@example.net', '2021-06-15 11:12:36', '$2y$10$UrLXBmXSyDEj5QPkPq2tG.6Ut3BxFWG6vTFpaZZAy4/a27hw1PT5K', NULL, 'XzhsmINsFO', '2021-06-15 11:12:40', '2021-06-15 11:12:40'),
(191, 'Broderick O\'Connell', 'balistreri.brock@example.net', '2021-06-15 11:12:36', '$2y$10$tVxYEDKa4fzTTDaWSsMUP.ttlCAWva6RpbkKUV8VgectJ/lZx/HTS', NULL, 'gRMMVb4O0m', '2021-06-15 11:12:40', '2021-06-15 11:12:40'),
(192, 'Olga VonRueden', 'pullrich@example.net', '2021-06-15 11:12:36', '$2y$10$yf6a.fUqQ19RnWYtPgV.lubeaYUj4HGH1I4hfsUjjAwXjex9sFbKe', NULL, 'CJesuNEQa9', '2021-06-15 11:12:40', '2021-06-15 11:12:40'),
(193, 'Clare Rohan', 'kovacek.vernice@example.com', '2021-06-15 11:12:36', '$2y$10$iFR18c8z5FhjLH3V3ysdX.K2gRCm245xCVZpE2NpLj3S8sS47o.Da', NULL, 'llMzmJoa5G', '2021-06-15 11:12:40', '2021-06-15 11:12:40'),
(194, 'Mr. Kolby Bechtelar II', 'monroe.johnston@example.net', '2021-06-15 11:12:36', '$2y$10$qOwuRwFGUVT214pms.bHye6Qll5baNepp76c6/A.GppeRlG8.rUr.', NULL, 'W5vvWxcHK0', '2021-06-15 11:12:40', '2021-06-15 11:12:40'),
(195, 'Benton Hauck', 'vena.abbott@example.net', '2021-06-15 11:12:36', '$2y$10$osNDnX275mF9pLal4drU1uIkffmlFNqNcrhAcWVdfaaEjdRVJWEk.', NULL, '4kkRlBTAb9', '2021-06-15 11:12:40', '2021-06-15 11:12:40'),
(196, 'Mina Schiller', 'virginia.orn@example.org', '2021-06-15 11:12:36', '$2y$10$do8Pc2XwbSs2/y/sIA8oLewoVZdI12WPkKKdOjgT8.L3zlFxwycLO', NULL, 'gkCrqFImfu', '2021-06-15 11:12:40', '2021-06-15 11:12:40'),
(197, 'Rose Rodriguez', 'sonya98@example.net', '2021-06-15 11:12:36', '$2y$10$SCnzD/w1CYZuAILvY8Uha.YqELSILQ0tgzpoU7t9GjqGGnIzSG8Aa', NULL, 'OuPno80j0l', '2021-06-15 11:12:40', '2021-06-15 11:12:40'),
(198, 'Jude Schmeler', 'henderson49@example.net', '2021-06-15 11:12:36', '$2y$10$S4kSk5IoAmYRg.Dh/.wB9OhxkTPP3utKDL7ea7urJmJslMweqQCOm', NULL, 'BNIJxDsNV4', '2021-06-15 11:12:40', '2021-06-15 11:12:40'),
(199, 'Darian Schiller', 'annette43@example.net', '2021-06-15 11:12:36', '$2y$10$W2t0hTkCai31wyvMS/OmzO2Ray/G9RKWF7h.56xtDtV5MKd5kGrW6', NULL, '2V86pjQ0Xq', '2021-06-15 11:12:40', '2021-06-15 11:12:40'),
(200, 'Elna Roberts', 'volkman.rasheed@example.net', '2021-06-15 11:12:36', '$2y$10$FqpF2X3AyOZ0753s6kTVq.VZ5Fz/LHMlKcwGYiVJPx4eaYaWo8WKi', NULL, 'BalHxWZ7nr', '2021-06-15 11:12:40', '2021-06-15 11:12:40');

--
-- Indexes for dumped tables
--

--
-- Indexes for table `comments`
--
ALTER TABLE `comments`
  ADD PRIMARY KEY (`id`),
  ADD KEY `comments_user_id_foreign` (`user_id`),
  ADD KEY `comments_post_id_foreign` (`post_id`);

--
-- Indexes for table `failed_jobs`
--
ALTER TABLE `failed_jobs`
  ADD PRIMARY KEY (`id`);

--
-- Indexes for table `migrations`
--
ALTER TABLE `migrations`
  ADD PRIMARY KEY (`id`);

--
-- Indexes for table `password_resets`
--
ALTER TABLE `password_resets`
  ADD KEY `password_resets_email_index` (`email`);

--
-- Indexes for table `posts`
--
ALTER TABLE `posts`
  ADD PRIMARY KEY (`id`),
  ADD KEY `posts_user_id_foreign` (`user_id`);

--
-- Indexes for table `users`
--
ALTER TABLE `users`
  ADD PRIMARY KEY (`id`),
  ADD UNIQUE KEY `users_email_unique` (`email`);

--
-- AUTO_INCREMENT for dumped tables
--

--
-- AUTO_INCREMENT for table `comments`
--
ALTER TABLE `comments`
  MODIFY `id` bigint(20) UNSIGNED NOT NULL AUTO_INCREMENT, AUTO_INCREMENT=105;

--
-- AUTO_INCREMENT for table `failed_jobs`
--
ALTER TABLE `failed_jobs`
  MODIFY `id` bigint(20) UNSIGNED NOT NULL AUTO_INCREMENT;

--
-- AUTO_INCREMENT for table `migrations`
--
ALTER TABLE `migrations`
  MODIFY `id` int(10) UNSIGNED NOT NULL AUTO_INCREMENT, AUTO_INCREMENT=6;

--
-- AUTO_INCREMENT for table `posts`
--
ALTER TABLE `posts`
  MODIFY `id` bigint(20) UNSIGNED NOT NULL AUTO_INCREMENT, AUTO_INCREMENT=206;

--
-- AUTO_INCREMENT for table `users`
--
ALTER TABLE `users`
  MODIFY `id` bigint(20) UNSIGNED NOT NULL AUTO_INCREMENT, AUTO_INCREMENT=201;

--
-- Constraints for dumped tables
--

--
-- Constraints for table `comments`
--
ALTER TABLE `comments`
  ADD CONSTRAINT `comments_post_id_foreign` FOREIGN KEY (`post_id`) REFERENCES `posts` (`id`) ON DELETE CASCADE,
  ADD CONSTRAINT `comments_user_id_foreign` FOREIGN KEY (`user_id`) REFERENCES `users` (`id`) ON DELETE CASCADE;

--
-- Constraints for table `posts`
--
ALTER TABLE `posts`
  ADD CONSTRAINT `posts_user_id_foreign` FOREIGN KEY (`user_id`) REFERENCES `users` (`id`) ON DELETE CASCADE;
COMMIT;

/*!40101 SET CHARACTER_SET_CLIENT=@OLD_CHARACTER_SET_CLIENT */;
/*!40101 SET CHARACTER_SET_RESULTS=@OLD_CHARACTER_SET_RESULTS */;
/*!40101 SET COLLATION_CONNECTION=@OLD_COLLATION_CONNECTION */;
